timestamp,z
12:54:10.388,X Y Z Magnitude
12:54:10.392,0.29
12:54:10.398,1.00
12:54:10.412,-1.34
12:54:10.425,-1.07
12:54:10.433,-1.06
12:54:10.446,0.80
12:54:10.458,1.00
12:54:10.471,0.54
12:54:10.478,-0.62
12:54:10.491,0.80
12:54:10.502,0.72
12:54:10.515,-2.12
12:54:10.524,-0.56
12:54:10.536,-0.22
12:54:10.548,0.22
12:54:10.560,1.00
12:54:10.568,-1.20
12:54:10.581,-0.37
12:54:10.593,-0.43
12:54:10.605,1.00
12:54:10.613,0.08
12:54:10.626,-0.41
12:54:10.638,1.00
12:54:10.648,-1.99
12:54:10.658,0.08
12:54:10.671,-3.00
12:54:10.683,1.00
12:54:10.695,-2.01
12:54:10.703,1.00
12:54:10.716,-2.64
12:54:10.728,1.00
12:54:10.741,1.00
12:54:10.749,1.00
12:54:10.761,-1.60
12:54:10.774,0.72
12:54:10.786,-3.00
12:54:10.793,1.00
12:54:10.805,-1.83
12:54:10.818,0.52
12:54:10.829,-2.79
12:54:10.839,1.00
12:54:10.851,-0.60
12:54:10.860,1.00
12:54:10.875,-2.36
12:54:10.884,1.00
12:54:10.896,0.17
12:54:10.909,-1.30
12:54:10.921,-2.13
12:54:10.928,1.00
12:54:10.938,-1.65
12:54:10.954,1.00
12:54:10.966,0.69
12:54:10.974,1.00
12:54:10.986,1.00
12:54:10.999,-1.74
12:54:11.011,-0.08
12:54:11.019,1.00
12:54:11.031,-1.35
12:54:11.044,1.00
12:54:11.055,-0.86
12:54:11.064,1.00
12:54:11.076,1.00
12:54:11.089,1.00
12:54:11.101,-1.38
12:54:11.109,-1.50
12:54:11.122,0.42
12:54:11.134,-2.11
12:54:11.146,0.29
12:54:11.154,-2.25
12:54:11.166,1.00
12:54:11.179,-1.39
12:54:11.191,0.79
12:54:11.199,-0.36
12:54:11.211,1.00
12:54:11.224,1.00
12:54:11.236,-0.73
12:54:11.244,-2.45
12:54:11.256,-2.04
12:54:11.268,0.24
12:54:11.281,1.00
12:54:11.290,-1.24
12:54:11.301,-0.13
12:54:11.314,-0.00
12:54:11.326,1.00
12:54:11.335,0.35
12:54:11.347,1.00
12:54:11.359,-0.58
12:54:11.371,1.00
12:54:11.380,-1.91
12:54:11.392,1.00
12:54:11.405,-1.36
12:54:11.416,1.00
12:54:11.425,-0.30
12:54:11.437,0.91
12:54:11.449,0.57
12:54:11.461,-2.59
12:54:11.469,1.00
12:54:11.481,1.00
12:54:11.493,-0.36
12:54:11.506,1.00
12:54:11.515,-0.32
12:54:11.526,0.40
12:54:11.539,0.09
12:54:11.551,1.00
12:54:11.560,0.66
12:54:11.572,0.09
12:54:11.584,1.00
12:54:11.596,-2.55
12:54:11.605,0.45
12:54:11.614,-2.98
12:54:11.628,0.84
12:54:11.641,0.52
12:54:11.650,0.31
12:54:11.662,-1.16
12:54:11.675,1.00
12:54:11.685,-0.12
12:54:11.695,0.80
12:54:11.706,1.00
12:54:11.718,-2.24
12:54:11.732,-2.49
12:54:11.740,-0.03
12:54:11.752,-1.80
12:54:11.765,0.27
12:54:11.776,-1.34
12:54:11.785,1.00
12:54:11.797,-0.25
12:54:11.809,1.00
12:54:11.822,-2.02
12:54:11.830,1.00
12:54:11.842,1.00
12:54:11.855,0.43
12:54:11.867,-1.89
12:54:11.874,1.00
12:54:11.888,-0.88
12:54:11.899,1.00
12:54:11.912,0.93
12:54:11.918,1.00
12:54:11.929,0.27
12:54:11.941,1.00
12:54:11.953,0.08
12:54:11.965,1.00
12:54:11.978,-0.77
12:54:11.989,1.00
12:54:12.002,-0.16
12:54:12.010,1.00
12:54:12.022,-0.47
12:54:12.035,0.26
12:54:12.047,0.69
12:54:12.054,-0.98
12:54:12.068,0.48
12:54:12.078,-2.66
12:54:12.089,0.53
12:54:12.100,0.83
12:54:12.113,-1.06
12:54:12.125,-1.47
12:54:12.137,-0.98
12:54:12.145,1.00
12:54:12.158,0.40
12:54:12.170,0.43
12:54:12.182,0.78
12:54:12.191,-2.45
12:54:12.203,-0.23
12:54:12.215,-2.29
12:54:12.227,0.26
12:54:12.236,-1.14
12:54:12.248,1.00
12:54:12.260,-1.56
12:54:12.272,1.00
12:54:12.280,-0.11
12:54:12.293,1.00
12:54:12.305,1.00
12:54:12.317,-0.59
12:54:12.325,-1.31
12:54:12.338,1.00
12:54:12.350,-1.38
12:54:12.362,0.29
12:54:12.371,0.38
12:54:12.383,1.00
12:54:12.395,-1.80
12:54:12.408,1.00
12:54:12.416,-1.19
12:54:12.428,1.00
12:54:12.440,-1.07
12:54:12.453,1.00
12:54:12.460,-1.39
12:54:12.469,1.00
12:54:12.485,-0.99
12:54:12.496,0.94
12:54:12.506,0.67
12:54:12.518,-0.26
12:54:12.531,1.00
12:54:12.543,1.00
12:54:12.551,-0.34
12:54:12.563,1.00
12:54:12.575,-0.72
12:54:12.587,-0.73
12:54:12.596,-1.93
12:54:12.608,-0.52
12:54:12.621,0.35
12:54:12.632,0.49
12:54:12.641,-0.09
12:54:12.654,-0.76
12:54:12.665,0.43
12:54:12.678,-1.67
12:54:12.686,-0.11
12:54:12.698,-1.85
12:54:12.710,-0.21
12:54:12.723,-2.01
12:54:12.730,0.56
12:54:12.743,0.42
12:54:12.756,0.43
12:54:12.768,0.42
12:54:12.776,-0.09
12:54:12.788,1.00
12:54:12.801,1.00
12:54:12.813,-2.15
12:54:12.822,1.00
12:54:12.834,-1.25
12:54:12.846,1.00
12:54:12.858,-0.28
12:54:12.866,1.00
12:54:12.879,0.29
12:54:12.891,1.00
12:54:12.903,-1.83
12:54:12.910,1.00
12:54:12.924,-1.10
12:54:12.936,-1.76
12:54:12.948,-0.28
12:54:12.956,1.00
12:54:12.969,-1.11
12:54:12.981,0.15
12:54:12.994,1.00
12:54:13.001,-0.76
12:54:13.014,-0.32
12:54:13.026,-2.82
12:54:13.039,-0.39
12:54:13.046,-1.49
12:54:13.059,-1.48
12:54:13.069,1.00
12:54:13.084,0.66
12:54:13.092,1.00
12:54:13.104,1.00
12:54:13.116,-1.00
12:54:13.128,0.49
12:54:13.137,-1.61
12:54:13.149,0.31
12:54:13.162,-3.00
12:54:13.173,-0.33
12:54:13.182,-2.48
12:54:13.192,0.78
12:54:13.206,-1.44
12:54:13.219,1.00
12:54:13.227,0.24
12:54:13.239,1.00
12:54:13.251,1.00
12:54:13.264,0.99
12:54:13.272,-1.31
12:54:13.284,1.00
12:54:13.294,-2.47
12:54:13.308,1.00
12:54:13.317,-0.20
12:54:13.329,0.49
12:54:13.342,-0.52
12:54:13.354,1.00
12:54:13.362,0.70
12:54:13.374,1.00
12:54:13.386,-1.48
12:54:13.399,0.97
12:54:13.407,-1.26
12:54:13.419,1.00
12:54:13.431,-1.31
12:54:13.444,1.00
12:54:13.450,0.71
12:54:13.463,-0.10
12:54:13.474,-0.47
12:54:13.489,-2.10
12:54:13.496,0.88
12:54:13.509,1.00
12:54:13.521,-1.07
12:54:13.533,-0.63
12:54:13.542,-1.89
12:54:13.554,0.55
12:54:13.566,-0.25
12:54:13.578,-0.09
12:54:13.586,-0.08
12:54:13.599,-1.20
12:54:13.612,0.66
12:54:13.625,-0.23
12:54:13.633,-0.28
12:54:13.645,-1.70
12:54:13.657,-0.50
12:54:13.669,-2.08
12:54:13.677,1.00
12:54:13.689,0.12
12:54:13.700,1.00
12:54:13.711,1.00
12:54:13.722,0.10
12:54:13.735,-1.17
12:54:13.746,1.00
12:54:13.759,-2.30
12:54:13.767,1.00
12:54:13.779,-1.65
12:54:13.791,0.28
12:54:13.801,-1.15
12:54:13.812,1.00
12:54:13.825,0.39
12:54:13.837,0.70
12:54:13.849,-0.14
12:54:13.858,-0.37
12:54:13.870,-0.36
12:54:13.882,-0.09
12:54:13.895,-0.47
12:54:13.902,-0.46
12:54:13.915,-0.54
12:54:13.927,0.01
12:54:13.939,-0.10
12:54:13.948,-0.32
12:54:13.960,-0.22
12:54:13.972,-1.80
12:54:13.985,-1.09
12:54:13.993,0.31
12:54:14.005,-0.59
12:54:14.017,-0.89
12:54:14.030,-1.86
12:54:14.038,0.40
12:54:14.050,0.86
12:54:14.062,0.34
12:54:14.074,-0.06
12:54:14.083,-0.19
12:54:14.093,1.00
12:54:14.108,-2.61
12:54:14.119,1.00
12:54:14.128,-2.92
12:54:14.140,1.00
12:54:14.153,-2.45
12:54:14.165,-0.35
12:54:14.173,0.76
12:54:14.185,1.00
12:54:14.198,-1.71
12:54:14.210,-1.24
12:54:14.218,-0.67
12:54:14.231,-1.34
12:54:14.243,0.51
12:54:14.255,1.00
12:54:14.263,-0.12
12:54:14.276,1.00
12:54:14.287,-1.07
12:54:14.300,1.00
12:54:14.308,-0.67
12:54:14.321,1.00
12:54:14.332,-2.97
12:54:14.345,-0.12
12:54:14.353,0.86
12:54:14.366,-0.07
12:54:14.378,-1.37
12:54:14.390,-0.01
12:54:14.398,0.82
12:54:14.411,0.42
12:54:14.423,-0.05
12:54:14.435,-2.30
12:54:14.443,-1.54
12:54:14.455,-0.42
12:54:14.468,-0.03
12:54:14.480,-0.58
12:54:14.488,0.48
12:54:14.501,-0.78
12:54:14.513,-0.05
12:54:14.525,0.50
12:54:14.531,0.57
12:54:14.545,-0.73
12:54:14.558,-0.67
12:54:14.570,-1.18
12:54:14.578,0.55
12:54:14.591,-3.00
12:54:14.603,0.32
12:54:14.615,-2.48
12:54:14.623,0.55
12:54:14.636,-0.22
12:54:14.648,1.00
12:54:14.660,-0.45
12:54:14.669,0.29
12:54:14.681,-0.70
12:54:14.693,0.37
12:54:14.706,-0.42
12:54:14.714,-0.37
12:54:14.725,-0.23
12:54:14.739,-1.44
12:54:14.750,-1.46
12:54:14.759,1.00
12:54:14.771,-0.14
12:54:14.783,1.00
12:54:14.796,-0.84
12:54:14.804,1.00
12:54:14.817,-0.76
12:54:14.828,-0.83
12:54:14.841,1.00
12:54:14.849,0.75
12:54:14.861,1.00
12:54:14.873,0.29
12:54:14.884,0.92
12:54:14.894,-0.24
12:54:14.906,0.55
12:54:14.919,-0.54
12:54:14.931,0.04
12:54:14.939,-1.42
12:54:14.951,0.06
12:54:14.964,-0.63
12:54:14.976,-0.86
12:54:14.984,1.00
12:54:14.996,0.44
12:54:15.008,0.33
12:54:15.021,-0.46
12:54:15.028,-2.00
12:54:15.040,-0.82
12:54:15.052,-2.41
12:54:15.066,1.00
12:54:15.072,-0.22
12:54:15.083,0.33
12:54:15.098,-2.25
12:54:15.112,-0.30
12:54:15.119,-1.39
12:54:15.131,1.00
12:54:15.143,-0.18
12:54:15.156,-1.11
12:54:15.162,-0.31
12:54:15.176,1.00
12:54:15.188,-2.80
12:54:15.201,0.18
12:54:15.210,-0.87
12:54:15.221,-0.98
12:54:15.233,0.56
12:54:15.246,1.00
12:54:15.254,-2.44
12:54:15.267,-0.68
12:54:15.280,-0.20
12:54:15.291,0.14
12:54:15.300,0.20
12:54:15.311,1.00
12:54:15.323,0.69
12:54:15.336,0.33
12:54:15.345,-0.76
12:54:15.356,1.00
12:54:15.370,-2.17
12:54:15.381,-1.77
12:54:15.388,0.05
12:54:15.402,-0.64
12:54:15.415,-2.30
12:54:15.427,-1.79
12:54:15.435,-1.62
12:54:15.447,1.00
12:54:15.459,0.95
12:54:15.471,1.00
12:54:15.478,0.39
12:54:15.488,0.14
12:54:15.502,0.95
12:54:15.514,-1.73
12:54:15.525,1.00
12:54:15.537,-1.72
12:54:15.549,-0.07
12:54:15.561,-0.42
12:54:15.569,1.00
12:54:15.581,0.80
12:54:15.594,1.00
12:54:15.607,-1.10
12:54:15.615,1.00
12:54:15.627,-0.79
12:54:15.638,-0.95
12:54:15.651,0.60
12:54:15.660,1.00
12:54:15.671,-1.49
12:54:15.683,-1.13
12:54:15.697,-1.33
12:54:15.705,0.40
12:54:15.715,-0.27
12:54:15.729,1.00
12:54:15.741,-1.59
12:54:15.750,0.51
12:54:15.762,-1.28
12:54:15.775,1.00
12:54:15.786,-0.01
12:54:15.796,-0.40
12:54:15.807,1.00
12:54:15.819,1.00
12:54:15.832,-1.21
12:54:15.840,0.04
12:54:15.852,0.72
12:54:15.865,-0.90
12:54:15.877,-2.13
12:54:15.883,-2.71
12:54:15.897,-2.26
12:54:15.908,0.78
12:54:15.921,1.00
12:54:15.930,-0.81
12:54:15.943,0.37
12:54:15.955,-0.11
12:54:15.967,-0.40
12:54:15.975,-1.12
12:54:15.987,0.38
12:54:16.000,-0.44
12:54:16.012,0.91
12:54:16.020,-0.56
12:54:16.033,0.05
12:54:16.045,0.18
12:54:16.057,1.00
12:54:16.065,0.56
12:54:16.077,1.00
12:54:16.090,-2.61
12:54:16.102,-0.29
12:54:16.110,-0.60
12:54:16.122,1.00
12:54:16.135,-2.27
12:54:16.147,1.00
12:54:16.155,-0.67
12:54:16.167,0.66
12:54:16.180,-1.16
12:54:16.192,-0.09
12:54:16.200,-1.81
12:54:16.212,-0.50
12:54:16.225,-1.70
12:54:16.238,-0.09
12:54:16.243,-0.41
12:54:16.258,-1.06
12:54:16.270,1.00
12:54:16.282,0.23
12:54:16.290,0.65
12:54:16.303,-0.29
12:54:16.314,0.85
12:54:16.328,-0.21
12:54:16.332,-0.12
12:54:16.348,-0.75
12:54:16.358,-1.37
12:54:16.372,0.98
12:54:16.381,0.11
12:54:16.392,-0.46
12:54:16.403,0.11
12:54:16.417,0.39
12:54:16.425,1.00
12:54:16.438,-0.57
12:54:16.449,0.61
12:54:16.463,-1.22
12:54:16.471,0.54
12:54:16.483,-2.54
12:54:16.495,1.00
12:54:16.508,-1.89
12:54:16.515,0.46
12:54:16.528,1.00
12:54:16.540,1.00
12:54:16.553,0.11
12:54:16.559,-0.85
12:54:16.573,-1.06
12:54:16.586,-0.88
12:54:16.598,-2.17
12:54:16.605,-1.14
12:54:16.618,-1.77
12:54:16.630,1.00
12:54:16.642,-1.25
12:54:16.649,0.56
12:54:16.663,-0.51
12:54:16.676,0.44
12:54:16.688,-0.39
12:54:16.696,-0.29
12:54:16.708,-0.15
12:54:16.720,0.59
12:54:16.732,0.24
12:54:16.740,1.00
12:54:16.752,1.00
12:54:16.765,1.00
12:54:16.778,-2.64
12:54:16.786,0.24
12:54:16.798,-1.36
12:54:16.808,0.42
12:54:16.824,-2.46
12:54:16.831,-2.13
12:54:16.843,-0.85
12:54:16.855,0.58
12:54:16.868,0.96
12:54:16.876,1.00
12:54:16.888,1.00
12:54:16.900,-0.46
12:54:16.913,0.91
12:54:16.921,-0.05
12:54:16.934,0.51
12:54:16.946,-1.07
12:54:16.958,1.00
12:54:16.966,-2.50
12:54:16.979,-0.88
12:54:16.991,-0.80
12:54:17.001,-2.45
12:54:17.011,-1.69
12:54:17.022,-0.63
12:54:17.036,-1.14
12:54:17.048,-0.74
12:54:17.057,-0.78
12:54:17.069,0.20
12:54:17.081,1.00
12:54:17.094,1.00
12:54:17.101,-2.58
12:54:17.114,0.85
12:54:17.126,-1.50
12:54:17.139,-0.11
12:54:17.147,-1.21
12:54:17.158,1.00
12:54:17.171,0.38
12:54:17.183,0.34
12:54:17.192,0.50
12:54:17.204,1.00
12:54:17.216,1.00
12:54:17.228,1.00
12:54:17.236,0.64
12:54:17.249,0.63
12:54:17.260,-1.13
12:54:17.273,1.00
12:54:17.281,0.54
12:54:17.294,-0.63
12:54:17.306,0.51
12:54:17.319,-0.16
12:54:17.327,-0.95
12:54:17.340,1.00
12:54:17.351,-0.01
12:54:17.364,0.70
12:54:17.372,1.00
12:54:17.384,0.90
12:54:17.396,0.03
12:54:17.409,-2.06
12:54:17.417,0.60
12:54:17.429,-1.30
12:54:17.442,1.00
12:54:17.454,-0.80
12:54:17.462,-1.22
12:54:17.475,-0.18
12:54:17.486,-0.53
12:54:17.499,-0.93
12:54:17.507,-0.02
12:54:17.520,-1.72
12:54:17.531,-0.68
12:54:17.544,-0.43
12:54:17.552,1.00
12:54:17.564,-2.97
12:54:17.577,1.00
12:54:17.588,-2.42
12:54:17.597,1.00
12:54:17.609,-1.32
12:54:17.622,1.00
12:54:17.633,-0.81
12:54:17.643,-1.31
12:54:17.655,-1.93
12:54:17.667,-2.73
12:54:17.679,-0.33
12:54:17.687,1.00
12:54:17.699,1.00
12:54:17.712,1.00
12:54:17.724,-1.04
12:54:17.732,0.84
12:54:17.745,-0.83
12:54:17.754,1.00
12:54:17.769,-1.27
12:54:17.778,-0.30
12:54:17.790,-1.17
12:54:17.801,1.00
12:54:17.814,0.22
12:54:17.821,0.08
12:54:17.832,-0.00
12:54:17.847,1.00
12:54:17.858,-0.37
12:54:17.867,1.00
12:54:17.879,0.87
12:54:17.892,1.00
12:54:17.904,1.00
12:54:17.912,-0.80
12:54:17.924,-0.42
12:54:17.937,0.39
12:54:17.949,0.65
12:54:17.953,1.00
12:54:17.968,1.00
12:54:17.983,1.00
12:54:17.995,0.85
12:54:18.003,-1.94
12:54:18.015,1.00
12:54:18.023,-2.93
12:54:18.040,-0.18
12:54:18.047,-3.00
12:54:18.060,1.00
12:54:18.072,-2.20
12:54:18.085,1.00
12:54:18.093,-0.46
12:54:18.105,-0.92
12:54:18.117,-1.57
12:54:18.130,-0.53
12:54:18.138,-1.66
12:54:18.149,1.00
12:54:18.162,-0.14
12:54:18.174,1.00
12:54:18.182,-0.33
12:54:18.195,1.00
12:54:18.208,0.32
12:54:18.220,1.00
12:54:18.228,-1.67
12:54:18.240,0.22
12:54:18.249,-0.94
12:54:18.265,-1.58
12:54:18.273,-0.37
12:54:18.285,1.00
12:54:18.297,1.00
12:54:18.310,-1.02
12:54:18.318,0.96
12:54:18.329,1.00
12:54:18.342,0.06
12:54:18.355,-2.65
12:54:18.362,-0.34
12:54:18.375,-0.62
12:54:18.386,0.83
12:54:18.399,-1.90
12:54:18.409,-0.17
12:54:18.420,-0.50
12:54:18.433,1.00
12:54:18.445,-2.01
12:54:18.453,1.00
12:54:18.463,-3.00
12:54:18.477,0.70
12:54:18.490,-3.00
12:54:18.498,1.00
12:54:18.511,-3.00
12:54:18.518,1.00
12:54:18.536,-1.79
12:54:18.543,1.00
12:54:18.556,-1.68
12:54:18.567,1.00
12:54:18.580,-1.13
12:54:18.589,0.08
12:54:18.601,-0.14
12:54:18.613,1.00
12:54:18.625,0.96
12:54:18.633,1.00
12:54:18.646,1.00
12:54:18.657,1.00
12:54:18.671,-2.03
12:54:18.679,-0.24
12:54:18.691,1.00
12:54:18.703,0.87
12:54:18.716,-0.62
12:54:18.723,-1.97
12:54:18.736,-0.84
12:54:18.748,-0.69
12:54:18.760,1.00
12:54:18.769,1.00
12:54:18.781,1.00
12:54:18.793,1.00
12:54:18.806,-0.77
12:54:18.814,-1.72
12:54:18.826,-1.08
12:54:18.839,0.74
12:54:18.851,-1.29
12:54:18.859,-1.24
12:54:18.871,-1.26
12:54:18.884,0.93
12:54:18.896,1.00
12:54:18.904,1.00
12:54:18.916,1.00
12:54:18.928,-0.27
12:54:18.940,-1.55
12:54:18.948,-2.40
12:54:18.961,1.00
12:54:18.974,-2.78
12:54:18.985,1.00
12:54:18.994,-1.73
12:54:19.006,-3.00
12:54:19.019,0.41
12:54:19.029,1.00
12:54:19.039,-1.23
12:54:19.052,0.25
12:54:19.063,-1.01
12:54:19.075,-0.12
12:54:19.084,-0.05
12:54:19.094,1.00
12:54:19.109,-2.63
12:54:19.119,1.00
12:54:19.128,-2.84
12:54:19.141,-0.42
12:54:19.153,-2.20
12:54:19.165,1.00
12:54:19.174,-1.85
12:54:19.187,-0.94
12:54:19.198,-1.07
12:54:19.209,-1.20
12:54:19.219,0.46
12:54:19.228,1.00
12:54:19.240,1.00
12:54:19.252,0.61
12:54:19.264,0.60
12:54:19.276,0.37
12:54:19.289,-1.31
12:54:19.301,-3.00
12:54:19.310,-0.43
12:54:19.322,-2.82
12:54:19.334,-0.56
12:54:19.346,-0.08
12:54:19.355,1.00
12:54:19.363,0.21
12:54:19.379,0.97
12:54:19.391,1.00
12:54:19.398,0.13
12:54:19.410,-2.95
12:54:19.422,1.00
12:54:19.434,-3.00
12:54:19.445,1.00
12:54:19.457,-2.33
12:54:19.469,1.00
12:54:19.481,-1.12
12:54:19.490,1.00
12:54:19.502,-0.76
12:54:19.514,0.84
12:54:19.526,-0.41
12:54:19.532,-0.72
12:54:19.547,-1.58
12:54:19.558,1.00
12:54:19.572,-1.58
12:54:19.580,0.97
12:54:19.592,0.04
12:54:19.604,1.00
12:54:19.616,-0.80
12:54:19.624,-0.97
12:54:19.637,-0.90
12:54:19.649,1.00
12:54:19.659,-1.56
12:54:19.669,0.41
12:54:19.682,0.64
12:54:19.694,0.17
12:54:19.707,1.00
12:54:19.715,0.17
12:54:19.727,-0.23
12:54:19.739,0.47
12:54:19.751,-0.11
12:54:19.760,-2.63
12:54:19.770,0.44
12:54:19.784,-1.49
12:54:19.791,-0.86
12:54:19.805,-1.43
12:54:19.817,-1.31
12:54:19.829,-1.19
12:54:19.842,1.00
12:54:19.850,-0.48
12:54:19.862,0.49
12:54:19.874,-2.21
12:54:19.886,-1.02
12:54:19.895,-3.00
12:54:19.907,1.00
12:54:19.919,-3.00
12:54:19.932,1.00
12:54:19.940,-1.93
12:54:19.948,-0.47
12:54:19.964,-1.54
12:54:19.977,1.00
12:54:19.985,-1.31
12:54:19.997,0.57
12:54:20.009,-2.13
12:54:20.022,0.10
12:54:20.030,-3.00
12:54:20.041,1.00
12:54:20.052,-1.50
12:54:20.067,1.00
12:54:20.075,-2.00
12:54:20.087,-0.33
12:54:20.099,0.46
12:54:20.112,1.00
12:54:20.121,-0.97
12:54:20.132,0.63
12:54:20.145,0.01
12:54:20.157,0.63
12:54:20.166,0.89
12:54:20.178,1.00
12:54:20.190,1.00
12:54:20.202,1.00
12:54:20.210,-0.29
12:54:20.223,-1.77
12:54:20.235,0.34
12:54:20.247,-1.57
12:54:20.255,-1.55
12:54:20.267,0.44
12:54:20.280,-1.14
12:54:20.293,0.46
12:54:20.300,1.00
12:54:20.313,-1.16
12:54:20.324,1.00
12:54:20.338,1.00
12:54:20.345,1.00
12:54:20.358,-2.35
12:54:20.370,1.00
12:54:20.382,-3.00
12:54:20.391,1.00
12:54:20.403,-1.91
12:54:20.415,1.00
12:54:20.428,-0.54
12:54:20.436,-0.52
12:54:20.447,-0.01
12:54:20.460,1.00
12:54:20.472,-1.50
12:54:20.480,-1.68
12:54:20.493,-0.77
12:54:20.505,1.00
12:54:20.518,-3.00
12:54:20.526,1.00
12:54:20.537,-1.21
12:54:20.550,1.00
12:54:20.563,-0.44
12:54:20.568,-0.06
12:54:20.583,-0.79
12:54:20.595,1.00
12:54:20.608,-2.68
12:54:20.616,-0.43
12:54:20.628,-0.19
12:54:20.641,-1.93
12:54:20.652,1.00
12:54:20.659,0.53
12:54:20.673,-0.01
12:54:20.686,0.92
12:54:20.698,-2.24
12:54:20.706,-3.00
12:54:20.718,1.00
12:54:20.731,-1.19
12:54:20.743,-0.10
12:54:20.751,-2.25
12:54:20.763,-0.17
12:54:20.776,-1.49
12:54:20.788,1.00
12:54:20.796,1.00
12:54:20.809,1.00
12:54:20.821,0.57
12:54:20.833,-0.69
12:54:20.841,-3.00
12:54:20.853,1.00
12:54:20.866,-3.00
12:54:20.878,1.00
12:54:20.887,-2.26
12:54:20.899,0.70
12:54:20.911,-0.71
12:54:20.923,1.00
12:54:20.931,-2.49
12:54:20.944,1.00
12:54:20.955,-2.35
12:54:20.967,1.00
12:54:20.975,-3.00
12:54:20.988,-0.64
12:54:21.001,-1.53
12:54:21.013,1.00
12:54:21.022,-1.23
12:54:21.033,-0.70
12:54:21.045,0.09
12:54:21.057,0.49
12:54:21.066,-0.17
12:54:21.078,1.00
12:54:21.091,-1.73
12:54:21.103,-1.59
12:54:21.111,-0.13
12:54:21.124,1.00
12:54:21.136,1.00
12:54:21.148,1.00
12:54:21.156,1.00
12:54:21.169,-0.84
12:54:21.180,-0.52
12:54:21.193,-2.69
12:54:21.202,-0.60
12:54:21.214,-0.19
12:54:21.226,0.66
12:54:21.239,0.44
12:54:21.247,-1.56
12:54:21.259,1.00
12:54:21.270,1.00
12:54:21.282,0.27
12:54:21.291,0.29
12:54:21.304,-1.13
12:54:21.316,0.08
12:54:21.329,-2.28
12:54:21.337,1.00
12:54:21.349,-3.00
12:54:21.361,-0.57
12:54:21.374,-1.39
12:54:21.380,-1.07
12:54:21.394,-1.25
12:54:21.406,0.05
12:54:21.419,-0.95
12:54:21.426,1.00
12:54:21.439,-0.11
12:54:21.451,1.00
12:54:21.464,-2.34
12:54:21.470,1.00
12:54:21.482,-3.00
12:54:21.494,-0.51
12:54:21.509,-0.68
12:54:21.517,1.00
12:54:21.529,-1.43
12:54:21.542,-2.43
12:54:21.554,-0.57
12:54:21.562,-1.51
12:54:21.575,-2.14
12:54:21.587,0.40
12:54:21.598,1.00
12:54:21.607,0.13
12:54:21.619,0.49
12:54:21.632,-0.47
12:54:21.644,-2.34
12:54:21.652,-3.00
12:54:21.664,1.00
12:54:21.677,-1.96
12:54:21.689,-2.29
12:54:21.697,-2.53
12:54:21.710,-2.49
12:54:21.721,-1.10
12:54:21.734,1.00
12:54:21.742,-0.39
12:54:21.755,-0.17
12:54:21.767,-0.79
12:54:21.778,1.00
12:54:21.787,-3.00
12:54:21.800,1.00
12:54:21.812,-3.00
12:54:21.824,1.00
12:54:21.832,-1.73
12:54:21.844,-0.90
12:54:21.857,1.00
12:54:21.869,0.80
12:54:21.878,-1.45
12:54:21.889,-0.78
12:54:21.902,0.22
12:54:21.914,0.75
12:54:21.922,-1.80
12:54:21.935,0.45
12:54:21.947,-1.65
12:54:21.960,1.00
12:54:21.967,-2.07
12:54:21.980,-0.27
12:54:21.992,-0.41
12:54:22.005,-0.46
12:54:22.012,0.19
12:54:22.025,1.00
12:54:22.037,-1.73
12:54:22.049,-0.69
12:54:22.058,1.00
12:54:22.070,-1.37
12:54:22.083,-1.39
12:54:22.095,0.69
12:54:22.101,-2.39
12:54:22.113,-1.78
12:54:22.127,-0.23
12:54:22.139,-3.00
12:54:22.147,-1.84
12:54:22.160,-0.90
12:54:22.171,-2.19
12:54:22.185,0.32
12:54:22.192,1.00
12:54:22.204,-0.57
12:54:22.216,1.00
12:54:22.229,-0.05
12:54:22.238,0.19
12:54:22.250,-2.27
12:54:22.259,1.00
12:54:22.274,-2.42
12:54:22.283,1.00
12:54:22.295,-0.13
12:54:22.308,1.00
12:54:22.320,0.00
12:54:22.328,1.00
12:54:22.340,1.00
12:54:22.352,1.00
12:54:22.365,0.54
12:54:22.373,-1.32
12:54:22.386,-2.98
12:54:22.397,1.00
12:54:22.410,-2.82
12:54:22.415,1.00
12:54:22.428,-3.00
12:54:22.440,-0.20
12:54:22.455,-0.62
12:54:22.463,1.00
12:54:22.470,-1.87
12:54:22.487,-0.74
12:54:22.498,-1.23
12:54:22.508,-0.36
12:54:22.519,-0.31
12:54:22.529,-0.68
12:54:22.540,0.97
12:54:22.552,0.17
12:54:22.566,1.00
12:54:22.574,1.00
12:54:22.589,1.00
12:54:22.599,-2.17
12:54:22.611,-1.35
12:54:22.619,-1.62
12:54:22.629,-2.55
12:54:22.639,0.52
12:54:22.655,-1.10
12:54:22.667,-1.31
12:54:22.680,1.00
12:54:22.692,1.00
12:54:22.701,1.00
12:54:22.712,-2.88
12:54:22.722,0.38
12:54:22.733,-0.71
12:54:22.746,0.26
12:54:22.753,-2.84
12:54:22.769,1.00
12:54:22.782,-0.29
12:54:22.789,1.00
12:54:22.803,-0.13
12:54:22.815,1.00
12:54:22.823,1.00
12:54:22.836,1.00
12:54:22.848,0.48
12:54:22.859,-0.97
12:54:22.869,-3.00
12:54:22.880,1.00
12:54:22.893,-1.69
12:54:22.906,1.00
12:54:22.914,-1.52
12:54:22.926,1.00
12:54:22.938,0.56
12:54:22.951,1.00
12:54:22.959,-1.16
12:54:22.972,-0.68
12:54:22.984,0.75
12:54:22.996,1.00
12:54:23.004,1.00
12:54:23.015,0.81
12:54:23.028,0.83
12:54:23.040,1.00
12:54:23.049,-2.18
12:54:23.061,-3.00
12:54:23.073,-1.53
12:54:23.086,-1.03
12:54:23.094,-2.30
12:54:23.106,-3.00
12:54:23.119,-0.28
12:54:23.131,-0.39
12:54:23.139,-0.52
12:54:23.151,1.00
12:54:23.163,-0.59
12:54:23.176,-1.57
12:54:23.184,-1.97
12:54:23.196,0.97
12:54:23.209,1.00
12:54:23.221,-2.80
12:54:23.229,1.00
12:54:23.241,-2.40
12:54:23.254,-0.48
12:54:23.266,-0.87
12:54:23.274,0.15
12:54:23.286,-0.11
12:54:23.299,0.03
12:54:23.311,-0.94
12:54:23.319,1.00
12:54:23.332,-3.00
12:54:23.344,1.00
12:54:23.356,-1.39
12:54:23.365,1.00
12:54:23.377,-2.68
12:54:23.389,-0.66
12:54:23.401,-1.68
12:54:23.409,0.31
12:54:23.422,-1.76
12:54:23.433,1.00
12:54:23.446,-1.27
12:54:23.454,-1.83
12:54:23.467,0.73
12:54:23.479,1.00
12:54:23.491,1.00
12:54:23.498,1.00
12:54:23.512,0.17
12:54:23.524,-0.37
12:54:23.536,-1.96
12:54:23.544,-1.17
12:54:23.557,-0.70
12:54:23.569,-2.75
12:54:23.582,-1.26
12:54:23.589,0.15
12:54:23.600,0.25
12:54:23.612,-0.25
12:54:23.625,1.00
12:54:23.631,1.00
12:54:23.643,-0.51
12:54:23.660,-2.96
12:54:23.672,-0.65
12:54:23.684,-3.00
12:54:23.691,0.65
12:54:23.704,-3.00
12:54:23.715,1.00
12:54:23.729,-2.56
12:54:23.734,0.23
12:54:23.749,1.00
12:54:23.759,1.00
12:54:23.773,-1.37
12:54:23.782,-0.45
12:54:23.795,-0.54
12:54:23.806,1.00
12:54:23.819,1.00
12:54:23.827,1.00
12:54:23.840,-1.64
12:54:23.852,1.00
12:54:23.860,0.07
12:54:23.872,-0.97
12:54:23.884,-2.42
12:54:23.897,-2.13
12:54:23.904,-2.22
12:54:23.917,0.40
12:54:23.929,-2.39
12:54:23.939,1.00
12:54:23.950,1.00
12:54:23.962,0.30
12:54:23.974,0.92
12:54:23.987,0.34
12:54:23.994,0.99
12:54:24.006,-2.17
12:54:24.020,-0.98
12:54:24.032,-2.63
12:54:24.040,-0.34
12:54:24.052,-2.09
12:54:24.065,-0.59
12:54:24.072,0.34
12:54:24.085,-0.91
12:54:24.097,1.00
12:54:24.109,0.39
12:54:24.119,-0.71
12:54:24.130,-0.10
12:54:24.143,-3.00
12:54:24.155,1.00
12:54:24.165,-3.00
12:54:24.175,1.00
12:54:24.188,-2.46
12:54:24.200,1.00
12:54:24.212,-1.85
12:54:24.221,0.51
12:54:24.232,-1.72
12:54:24.244,0.58
12:54:24.255,-0.39
12:54:24.266,-0.92
12:54:24.278,-2.17
12:54:24.290,1.00
12:54:24.302,-1.59
12:54:24.310,1.00
12:54:24.322,-1.20
12:54:24.334,-0.44
12:54:24.348,-1.77
12:54:24.352,0.77
12:54:24.364,-1.46
12:54:24.379,1.00
12:54:24.392,-2.55
12:54:24.401,1.00
12:54:24.411,1.00
12:54:24.425,-0.94
12:54:24.438,1.00
12:54:24.445,1.00
12:54:24.451,1.00
12:54:24.470,-1.37
12:54:24.482,0.84
12:54:24.490,-2.57
12:54:24.503,-1.13
12:54:24.515,-1.34
12:54:24.527,-1.72
12:54:24.534,0.54
12:54:24.548,-0.59
12:54:24.560,-1.83
12:54:24.572,1.00
12:54:24.585,-1.03
12:54:24.591,-0.77
12:54:24.605,-3.00
12:54:24.618,1.00
12:54:24.629,-3.00
12:54:24.638,1.00
12:54:24.650,-3.00
12:54:24.662,1.00
12:54:24.675,-2.67
12:54:24.684,1.00
12:54:24.696,-1.30
12:54:24.708,1.00
12:54:24.719,0.40
12:54:24.728,1.00
12:54:24.740,-0.03
12:54:24.752,1.00
12:54:24.765,1.00
12:54:24.769,1.00
12:54:24.786,-1.63
12:54:24.797,0.25
12:54:24.809,-2.79
12:54:24.818,1.00
12:54:24.831,-1.45
12:54:24.842,-0.51
12:54:24.854,-1.30
12:54:24.863,0.37
12:54:24.876,-1.79
12:54:24.885,-1.51
12:54:24.900,0.69
12:54:24.908,1.00
12:54:24.921,1.00
12:54:24.933,0.30
12:54:24.945,1.00
12:54:24.954,-3.00
12:54:24.961,-1.81
12:54:24.974,-1.81
12:54:24.990,-1.41
12:54:24.999,-2.07
12:54:25.011,0.53
12:54:25.023,-1.33
12:54:25.035,1.00
12:54:25.044,-2.83
12:54:25.055,0.14
12:54:25.069,-0.05
12:54:25.080,0.84
12:54:25.089,-3.00
12:54:25.100,1.00
12:54:25.113,-2.69
12:54:25.120,1.00
12:54:25.130,-2.55
12:54:25.144,-1.06
12:54:25.157,-0.30
12:54:25.169,0.50
12:54:25.179,-1.12
12:54:25.189,1.00
12:54:25.201,-1.51
12:54:25.215,-0.23
12:54:25.219,0.04
12:54:25.231,1.00
12:54:25.249,-0.86
12:54:25.256,1.00
12:54:25.269,-0.58
12:54:25.279,0.10
12:54:25.289,0.18
12:54:25.299,-1.33
12:54:25.314,-1.71
12:54:25.323,0.62
12:54:25.339,-0.39
12:54:25.347,0.39
12:54:25.359,1.00
12:54:25.371,1.00
12:54:25.379,1.00
12:54:25.389,1.00
12:54:25.401,0.79
12:54:25.415,-2.40
12:54:25.429,-0.14
12:54:25.429,-3.00
12:54:25.449,-0.60
12:54:25.462,-2.22
12:54:25.472,-0.84
12:54:25.479,-0.12
12:54:25.492,0.15
12:54:25.507,-0.38
12:54:25.519,0.96
12:54:25.523,-0.20
12:54:25.539,0.57
12:54:25.549,-1.77
12:54:25.565,1.00
12:54:25.572,-3.00
12:54:25.584,1.00
12:54:25.597,-0.78
12:54:25.609,0.75
12:54:25.620,-1.57
12:54:25.629,1.00
12:54:25.641,-1.39
12:54:25.649,0.47
12:54:25.659,-1.47
12:54:25.669,1.00
12:54:25.684,-0.60
12:54:25.699,1.00
12:54:25.709,-3.00
12:54:25.719,1.00
12:54:25.730,-2.29
12:54:25.739,-0.24
12:54:25.749,-3.00
12:54:25.760,1.00
12:54:25.770,-0.45
12:54:25.789,-1.05
12:54:25.800,-1.05
12:54:25.810,-1.59
12:54:25.820,0.25
12:54:25.835,0.71
12:54:25.846,1.00
12:54:25.849,1.00
12:54:25.867,0.23
12:54:25.879,-0.53
12:54:25.889,0.25
12:54:25.899,-3.00
12:54:25.912,1.00
12:54:25.924,-2.63
12:54:25.929,-2.29
12:54:25.940,-1.42
12:54:25.955,0.29
12:54:25.969,-0.52
12:54:25.981,1.00
12:54:25.989,-1.51
12:54:25.999,0.60
12:54:26.014,1.00
12:54:26.024,-1.53
12:54:26.034,-3.00
12:54:26.047,1.00
12:54:26.060,-3.00
12:54:26.072,1.00
12:54:26.080,-2.79
12:54:26.092,1.00
12:54:26.105,-1.56
12:54:26.117,1.00
12:54:26.124,-0.91
12:54:26.136,-0.82
12:54:26.150,-1.73
12:54:26.161,0.42
12:54:26.169,1.00
12:54:26.179,1.00
12:54:26.192,-0.99
12:54:26.202,1.00
12:54:26.215,-0.69
12:54:26.227,0.02
12:54:26.240,-0.02
12:54:26.247,-2.38
12:54:26.260,-2.87
12:54:26.272,-1.29
12:54:26.285,0.05
12:54:26.291,-1.03
12:54:26.304,1.00
12:54:26.317,1.00
12:54:26.329,1.00
12:54:26.338,1.00
12:54:26.350,-1.54
12:54:26.362,-3.00
