timestamp,elapsed_s,z
12:48:29.344,0.4992,0.06
12:48:29.344,0.4994,0.07
12:48:29.344,0.4997,0.06
12:48:29.344,0.4999,0.07
12:48:29.345,0.5001,0.06
12:48:29.345,0.5002,0.05
12:48:29.345,0.5004,0.06
12:48:29.345,0.5005,0.06
12:48:29.345,0.5007,0.06
12:48:29.345,0.5009,0.05
12:48:29.345,0.5010,0.06
12:48:29.346,0.5011,0.06
12:48:29.346,0.5012,0.07
12:48:29.346,0.5014,0.05
12:48:29.346,0.5015,0.06
12:48:29.346,0.5016,0.04
12:48:29.346,0.5017,0.07
12:48:29.346,0.5018,0.06
12:48:29.346,0.5019,0.06
12:48:29.347,0.5020,0.07
12:48:29.347,0.5022,0.05
12:48:29.347,0.5023,0.06
12:48:29.347,0.5024,0.06
12:48:29.347,0.5025,0.05
12:48:29.347,0.5026,0.06
12:48:29.347,0.5027,0.07
12:48:29.347,0.5029,0.04
12:48:29.347,0.5030,0.07
12:48:29.347,0.5031,0.06
12:48:29.347,0.5032,0.07
12:48:29.347,0.5033,0.05
12:48:29.347,0.5034,0.03
12:48:29.349,0.5036,0.06
12:48:29.349,0.5037,0.11
12:48:29.349,0.5038,0.06
12:48:29.349,0.5039,0.02
12:48:29.349,0.5040,0.04
12:48:29.349,0.5041,0.06
12:48:29.349,0.5044,0.04
12:48:29.350,0.5047,0.04
12:48:29.350,0.5050,0.07
12:48:29.350,0.5053,0.06
12:48:29.350,0.5054,0.05
12:48:29.350,0.5056,0.06
12:48:29.350,0.5057,0.07
12:48:29.609,0.7642,0.06
12:48:29.610,0.7644,0.05
12:48:29.610,0.7646,0.05
12:48:29.610,0.7648,0.06
12:48:29.610,0.7650,0.05
12:48:29.610,0.7652,0.06
12:48:29.611,0.7653,0.05
12:48:29.611,0.7656,0.06
12:48:29.611,0.7657,0.06
12:48:29.611,0.7658,0.06
12:48:29.611,0.7660,0.05
12:48:29.611,0.7661,0.05
12:48:29.611,0.7662,0.06
12:48:29.612,0.7664,0.07
12:48:29.612,0.7665,0.06
12:48:29.612,0.7666,0.06
12:48:29.612,0.7668,0.06
12:48:29.612,0.7670,0.06
12:48:29.612,0.7671,0.06
12:48:29.612,0.7672,0.05
12:48:29.612,0.7674,0.05
12:48:29.612,0.7675,0.06
12:48:29.612,0.7676,0.06
12:48:29.674,0.8298,0.06
12:48:29.674,0.8299,0.06
12:48:29.675,0.8301,0.06
12:48:29.675,0.8303,0.06
12:48:29.676,0.8304,0.06
12:48:29.676,0.8306,0.07
12:48:29.702,0.8572,0.06
12:48:29.703,0.8574,0.05
12:48:29.735,0.8902,0.06
12:48:29.735,0.8904,0.06
12:48:29.735,0.8905,0.06
12:48:29.801,0.9569,0.05
12:48:29.801,0.9572,0.05
12:48:29.801,0.9573,0.05
12:48:29.801,0.9575,0.06
12:48:29.801,0.9577,0.06
12:48:29.801,0.9578,0.06
12:48:29.809,0.9645,0.07
12:48:29.850,1.0064,0.06
12:48:29.850,1.0066,0.07
12:48:29.850,1.0067,0.06
12:48:29.894,1.0507,0.06
12:48:29.894,1.0510,0.06
12:48:29.894,1.0512,0.06
12:48:29.894,1.0514,0.06
12:48:29.945,1.1001,0.05
12:48:29.945,1.1004,0.06
12:48:29.945,1.1006,0.05
12:48:29.945,1.1007,0.06
12:48:29.946,1.1009,0.05
12:48:29.957,1.1119,0.06
12:48:30.000,1.1575,0.06
12:48:30.000,1.1577,0.06
12:48:30.000,1.1578,0.06
12:48:30.000,1.1579,0.06
12:48:30.039,1.1946,0.06
12:48:30.039,1.1948,0.07
12:48:30.039,1.1949,0.06
12:48:30.074,1.2315,0.05
12:48:30.074,1.2318,0.06
12:48:30.074,1.2319,0.07
12:48:30.117,1.2727,0.06
12:48:30.117,1.2729,0.06
12:48:30.117,1.2731,0.06
12:48:30.117,1.2732,0.05
12:48:30.156,1.3114,0.06
12:48:30.156,1.3116,0.07
12:48:30.156,1.3118,0.06
12:48:30.157,1.3120,0.05
12:48:30.194,1.3489,0.06
12:48:30.194,1.3491,0.05
12:48:30.194,1.3492,0.06
12:48:30.234,1.3885,0.05
12:48:30.234,1.3887,0.06
12:48:30.234,1.3889,0.06
12:48:30.272,1.4275,0.06
12:48:30.272,1.4277,0.06
12:48:30.272,1.4278,0.05
12:48:30.272,1.4279,0.06
12:48:30.309,1.4638,0.05
12:48:30.309,1.4639,0.06
12:48:30.309,1.4641,0.06
12:48:30.339,1.5033,0.07
12:48:30.339,1.5035,0.07
12:48:30.349,1.5036,0.06
12:48:30.349,1.5037,0.0
12:48:30.396,1.5532,8.0
12:48:30.396,1.5534,0.06
12:48:30.399,1.5536,0.07
12:48:30.399,1.5537,0.06
12:48:30.399,1.5538,0.06
12:48:30.436,1.5925,0.05
12:48:30.436,1.5927,0.06
12:48:30.436,1.5929,0.06
12:48:30.436,1.5929,0.0
12:48:30.468,1.6258,5.0
12:48:30.468,1.6260,0.06
12:48:30.468,1.6262,0.07
12:48:30.509,1.6635,0.07
12:48:30.509,1.6638,0.05
12:48:30.509,1.6640,0.06
12:48:30.509,1.6641,0.06
12:48:30.544,1.7005,0.05
12:48:30.544,1.7007,0.05
12:48:30.544,1.7008,0.06
12:48:30.579,1.7368,0.05
12:48:30.579,1.7369,0.06
12:48:30.579,1.7371,0.07
12:48:30.621,1.7757,0.06
12:48:30.621,1.7759,0.07
12:48:30.621,1.7760,0.06
12:48:30.621,1.7762,0.06
12:48:30.654,1.8086,0.06
12:48:30.654,1.8087,0.06
12:48:30.654,1.8088,0.05
12:48:30.689,1.8442,0.06
12:48:30.689,1.8443,0.06
12:48:30.689,1.8445,0.05
12:48:30.722,1.8777,0.06
12:48:30.722,1.8779,0.06
12:48:30.723,1.8780,0.05
12:48:30.759,1.9142,0.07
12:48:30.759,1.9144,0.06
12:48:30.759,1.9145,0.06
12:48:30.791,1.9494,0.05
12:48:30.791,1.9495,0.05
12:48:30.795,1.9497,0.06
12:48:30.827,1.9828,0.07
12:48:30.827,1.9829,0.07
12:48:30.827,1.9830,0.06
12:48:30.859,2.0151,0.05
12:48:30.859,2.0154,0.06
12:48:30.859,2.0156,0.06
12:48:30.895,2.0503,0.07
12:48:30.895,2.0504,0.05
12:48:30.895,2.0505,0.06
12:48:30.924,2.0824,0.06
12:48:30.924,2.0825,0.06
12:48:30.924,2.0826,0.06
12:48:30.959,2.1172,0.06
12:48:30.959,2.1174,0.04
12:48:30.959,2.1175,0.05
12:48:30.995,2.1509,0.05
12:48:30.995,2.1511,0.05
12:48:30.995,2.1512,0.06
12:48:31.029,2.1843,0.05
12:48:31.029,2.1845,0.05
12:48:31.029,2.1846,0.06
12:48:31.059,2.2184,0.06
12:48:31.064,2.2185,0.06
12:48:31.064,2.2187,0.05
12:48:31.102,2.2589,0.05
12:48:31.102,2.2591,0.07
12:48:31.102,2.2593,0.06
12:48:31.102,2.2595,0.06
12:48:31.141,2.2995,0.05
12:48:31.141,2.2996,0.07
12:48:31.141,2.2998,0.06
12:48:31.141,2.2998,0.06
12:48:31.179,2.3362,0.06
12:48:31.179,2.3363,0.06
12:48:31.179,2.3364,0.06
12:48:31.221,2.3763,0.07
12:48:31.221,2.3765,0.06
12:48:31.221,2.3766,0.05
12:48:31.259,2.4136,0.06
12:48:31.259,2.4138,0.06
12:48:31.259,2.4139,0.05
12:48:31.259,2.4140,0.05
12:48:31.290,2.4494,0.06
12:48:31.290,2.4496,0.06
12:48:31.290,2.4497,0.06
12:48:31.328,2.4839,0.06
12:48:31.328,2.4841,0.06
12:48:31.328,2.4842,0.06
12:48:31.368,2.5235,0.05
12:48:31.369,2.5238,0.06
12:48:31.369,2.5240,0.07
12:48:31.369,2.5242,0.06
12:48:31.401,2.5614,0.06
12:48:31.401,2.5616,0.05
12:48:31.401,2.5617,0.06
12:48:31.439,2.5968,0.05
12:48:31.439,2.5970,0.05
12:48:31.439,2.5971,0.07
12:48:31.476,2.6312,0.07
12:48:31.476,2.6314,0.06
12:48:31.476,2.6315,0.06
12:48:31.513,2.6695,0.06
12:48:31.513,2.6697,0.06
12:48:31.513,2.6698,0.06
12:48:31.552,2.7080,0.06
12:48:31.552,2.7083,0.06
12:48:31.552,2.7084,0.06
12:48:31.552,2.7085,0.06
12:48:31.592,2.7481,0.06
12:48:31.592,2.7483,0.05
12:48:31.594,2.7484,0.06
12:48:31.629,2.7837,0.06
12:48:31.629,2.7839,0.06
12:48:31.629,2.7840,0.06
12:48:31.629,2.7840,0.0
12:48:31.664,2.8193,0.07
12:48:31.664,2.8194,0.06
12:48:31.664,2.8195,0.05
12:48:31.664,2.8197,0.06
12:48:31.702,2.8565,0.06
12:48:31.702,2.8569,0.06
12:48:31.702,2.8572,0.06
12:48:31.739,2.8933,0.05
12:48:31.739,2.8935,0.06
12:48:31.739,2.8936,0.06
12:48:31.769,2.9279,0.06
12:48:31.769,2.9281,0.05
12:48:31.769,2.9283,0.06
12:48:31.809,2.9683,0.06
12:48:31.809,2.9685,0.07
12:48:31.809,2.9687,0.07
12:48:31.809,2.9688,0.06
12:48:31.850,3.0059,0.06
12:48:31.851,3.0061,0.06
12:48:31.851,3.0062,0.06
12:48:31.889,3.0442,0.05
12:48:31.889,3.0444,0.06
12:48:31.889,3.0445,0.06
12:48:31.889,3.0446,0.05
12:48:31.919,3.0794,0.06
12:48:31.919,3.0796,0.06
12:48:31.919,3.0797,0.06
12:48:31.959,3.1154,0.06
12:48:31.959,3.1156,0.06
12:48:31.959,3.1157,0.05
12:48:31.994,3.1506,0.05
12:48:31.994,3.1507,0.05
12:48:31.994,3.1509,0.06
12:48:32.029,3.1853,0.07
12:48:32.029,3.1855,0.06
12:48:32.029,3.1856,0.06
12:48:32.069,3.2240,0.06
12:48:32.069,3.2242,0.06
12:48:32.069,3.2243,0.05
12:48:32.070,3.2245,0.05
12:48:32.103,3.2582,0.05
12:48:32.104,3.2584,0.06
12:48:32.104,3.2585,0.06
12:48:32.138,3.2932,0.06
12:48:32.138,3.2933,0.06
12:48:32.138,3.2935,0.06
12:48:32.173,3.3280,0.05
12:48:32.173,3.3281,0.05
12:48:32.173,3.3282,0.06
12:48:32.204,3.3596,0.06
12:48:32.204,3.3598,0.06
12:48:32.205,3.3599,0.06
12:48:32.239,3.3937,0.06
12:48:32.239,3.3939,0.05
12:48:32.239,3.3940,0.06
12:48:32.272,3.4271,0.06
12:48:32.272,3.4272,0.06
12:48:32.272,3.4274,0.06
12:48:32.307,3.4623,0.05
12:48:32.307,3.4625,0.05
12:48:32.307,3.4626,0.06
12:48:32.340,3.4954,0.06
12:48:32.340,3.4956,0.06
12:48:32.340,3.4957,0.07
12:48:32.373,3.5285,0.05
12:48:32.374,3.5287,0.06
12:48:32.374,3.5288,0.05
12:48:32.406,3.5608,0.06
12:48:32.406,3.5610,0.06
12:48:32.406,3.5611,0.06
12:48:32.439,3.5949,0.05
12:48:32.439,3.5950,0.06
12:48:32.440,3.5952,0.06
12:48:32.473,3.6279,0.06
12:48:32.473,3.6281,0.04
12:48:32.473,3.6282,0.07
12:48:32.507,3.6617,0.06
12:48:32.507,3.6619,0.06
12:48:32.546,3.7029,0.07
12:48:32.546,3.7031,0.06
12:48:32.546,3.7032,0.06
12:48:32.546,3.7033,0.07
12:48:32.584,3.7396,0.06
12:48:32.584,3.7398,0.07
12:48:32.584,3.7399,0.06
12:48:32.619,3.7756,0.05
12:48:32.619,3.7758,0.06
12:48:32.619,3.7759,0.06
12:48:32.619,3.7761,0.06
12:48:32.659,3.8139,0.05
12:48:32.659,3.8140,0.06
12:48:32.659,3.8142,0.05
12:48:32.694,3.8503,0.06
12:48:32.694,3.8505,0.04
12:48:32.694,3.8506,0.06
12:48:32.729,3.8856,0.06
12:48:32.729,3.8857,0.0
12:48:32.729,3.8859,0.09
12:48:32.764,3.9207,0.06
12:48:32.764,3.9209,0.08
12:48:32.764,3.9210,0.05
12:48:32.764,3.9212,0.04
12:48:32.801,3.9595,0.06
12:48:32.801,3.9597,0.07
12:48:32.801,3.9598,0.06
12:48:32.839,3.9959,0.06
12:48:32.839,3.9960,0.07
12:48:32.839,3.9961,0.04
12:48:32.879,4.0347,0.06
12:48:32.879,4.0350,0.05
12:48:32.879,4.0351,0.08
12:48:32.879,4.0353,0.07
12:48:32.914,4.0708,0.04
12:48:32.914,4.0710,0.06
12:48:32.914,4.0711,0.06
12:48:32.952,4.1077,0.05
12:48:32.952,4.1079,0.05
12:48:32.952,4.1080,0.07
12:48:32.989,4.1435,0.06
12:48:32.989,4.1437,0.07
12:48:32.989,4.1438,0.06
12:48:33.022,4.1799,0.04
12:48:33.022,4.1801,0.07
12:48:33.022,4.1802,0.06
12:48:33.022,4.1803,0.06
12:48:33.059,4.2149,0.07
12:48:33.059,4.2151,0.06
12:48:33.059,4.2152,0.05
12:48:33.094,4.2497,0.05
12:48:33.094,4.2499,0.05
12:48:33.094,4.2500,0.05
12:48:33.134,4.2889,0.05
12:48:33.134,4.2893,0.07
12:48:33.134,4.2894,0.06
12:48:33.134,4.2895,0.06
12:48:33.170,4.3282,0.06
12:48:33.170,4.3283,0.06
12:48:33.170,4.3285,0.05
12:48:33.201,4.3629,0.05
12:48:33.201,4.3631,0.05
12:48:33.201,4.3632,0.05
12:48:33.241,4.4030,0.07
12:48:33.241,4.4031,0.06
12:48:33.241,4.4033,0.05
12:48:33.285,4.4416,0.05
12:48:33.285,4.4418,0.05
12:48:33.285,4.4419,0.06
12:48:33.285,4.4420,0.06
12:48:33.319,4.4765,0.05
12:48:33.319,4.4767,0.06
12:48:33.319,4.4768,0.06
12:48:33.359,4.5140,0.06
12:48:33.359,4.5141,0.05
12:48:33.359,4.5142,0.05
12:48:33.389,4.5485,0.05
12:48:33.394,4.5487,0.06
12:48:33.394,4.5488,0.06
12:48:33.429,4.5877,0.06
12:48:33.429,4.5878,0.06
12:48:33.433,4.5880,0.07
12:48:33.433,4.5882,0.06
12:48:33.470,4.6267,0.05
12:48:33.472,4.6269,0.06
12:48:33.472,4.6271,0.06
12:48:33.501,4.6612,0.08
12:48:33.501,4.6613,0.07
12:48:33.501,4.6615,0.06
12:48:33.537,4.6931,0.06
12:48:33.537,4.6933,0.05
12:48:33.537,4.6934,0.05
12:48:33.574,4.7292,0.05
12:48:33.574,4.7295,0.05
12:48:33.574,4.7297,0.05
12:48:33.574,4.7297,0.0
12:48:33.611,4.7677,0.06
12:48:33.611,4.7678,0.06
12:48:33.613,4.7680,0.06
12:48:33.613,4.7681,0.06
12:48:33.641,4.8017,0.05
12:48:33.641,4.8019,0.06
12:48:33.641,4.8020,0.05
12:48:33.680,4.8374,0.05
12:48:33.680,4.8376,0.05
12:48:33.680,4.8377,0.04
12:48:33.724,4.8793,0.05
12:48:33.724,4.8795,0.06
12:48:33.724,4.8796,0.05
12:48:33.725,4.8798,0.05
12:48:33.763,4.9178,0.06
12:48:33.763,4.9179,0.06
12:48:33.763,4.9181,0.05
12:48:33.804,4.9595,0.06
12:48:33.804,4.9597,0.06
12:48:33.804,4.9600,0.06
12:48:33.805,4.9602,0.06
12:48:33.846,5.0011,0.06
12:48:33.846,5.0013,0.05
12:48:33.846,5.0015,0.06
12:48:33.847,5.0016,0.07
12:48:33.886,5.0410,0.05
12:48:33.886,5.0412,0.06
12:48:33.886,5.0413,0.06
12:48:33.927,5.0832,0.05
12:48:33.927,5.0834,0.06
12:48:33.927,5.0835,0.06
12:48:33.927,5.0836,0.05
12:48:33.967,5.1218,0.06
12:48:33.967,5.1221,0.06
12:48:33.967,5.1222,0.06
12:48:34.004,5.1597,0.06
12:48:34.004,5.1599,0.05
12:48:34.005,5.1600,0.05
12:48:34.005,5.1601,0.06
12:48:34.042,5.1976,0.06
12:48:34.042,5.1978,0.06
12:48:34.042,5.1979,0.06
12:48:34.089,5.2443,0.06
12:48:34.090,5.2446,0.06
12:48:34.090,5.2447,0.06
12:48:34.090,5.2449,0.06
12:48:34.136,5.2916,0.06
12:48:34.137,5.2918,0.05
12:48:34.137,5.2920,0.06
12:48:34.137,5.2921,0.06
12:48:34.181,5.3391,0.06
12:48:34.181,5.3396,0.07
12:48:34.181,5.3398,0.05
12:48:34.181,5.3400,0.06
12:48:34.181,5.3402,0.03
12:48:34.223,5.3798,0.05
12:48:34.223,5.3800,0.06
12:48:34.223,5.3801,0.05
12:48:34.265,5.4218,0.07
12:48:34.265,5.4220,0.07
12:48:34.265,5.4222,0.07
12:48:34.265,5.4223,0.06
12:48:34.309,5.4651,0.06
12:48:34.309,5.4653,0.07
12:48:34.309,5.4654,0.05
12:48:34.309,5.4655,0.05
12:48:34.350,5.5078,0.06
12:48:34.350,5.5080,0.07
12:48:34.350,5.5081,0.06
12:48:34.350,5.5082,0.01
12:48:34.392,5.5502,0.06
12:48:34.392,5.5504,0.05
12:48:34.392,5.5505,0.08
12:48:34.440,5.5955,-0.03
12:48:34.441,5.5958,0.04
12:48:34.441,5.5961,0.03
12:48:34.441,5.5963,0.09
12:48:34.441,5.5965,0.07
12:48:34.489,5.6442,0.06
12:48:34.489,5.6444,0.06
12:48:34.489,5.6445,0.06
12:48:34.489,5.6447,0.07
12:48:34.536,5.6912,0.06
12:48:34.536,5.6916,0.06
12:48:34.536,5.6918,0.06
12:48:34.537,5.6920,0.06
12:48:34.580,5.7393,0.07
12:48:34.580,5.7396,0.06
12:48:34.580,5.7398,0.05
12:48:34.580,5.7399,0.05
12:48:34.631,5.7856,0.07
12:48:34.631,5.7858,0.06
12:48:34.631,5.7860,0.06
12:48:34.631,5.7862,0.07
12:48:34.679,5.8352,0.05
12:48:34.679,5.8354,0.05
12:48:34.679,5.8355,0.07
12:48:34.679,5.8357,0.06
12:48:34.679,5.8358,0.05
12:48:34.726,5.8820,0.04
12:48:34.726,5.8822,0.06
12:48:34.726,5.8824,0.06
12:48:34.726,5.8825,0.06
12:48:34.775,5.9297,0.06
12:48:34.775,5.9300,0.06
12:48:34.775,5.9301,0.05
12:48:34.775,5.9303,0.05
12:48:34.819,5.9754,0.06
12:48:34.819,5.9756,0.07
12:48:34.819,5.9757,0.05
12:48:34.819,5.9760,0.06
12:48:34.868,6.0235,0.07
12:48:34.868,6.0237,0.07
12:48:34.869,6.0238,0.06
12:48:34.869,6.0239,0.06
12:48:34.869,6.0241,0.06
12:48:34.920,6.0784,0.06
12:48:34.920,6.0786,0.07
12:48:34.920,6.0787,0.06
12:48:34.920,6.0790,0.05
12:48:34.920,6.0793,0.05
12:48:34.969,6.1251,0.06
12:48:34.969,6.1253,0.05
12:48:34.969,6.1255,0.05
12:48:34.969,6.1256,0.05
12:48:35.025,6.1801,0.05
12:48:35.025,6.1803,0.06
12:48:35.025,6.1804,0.07
12:48:35.025,6.1806,0.06
12:48:35.070,6.2251,0.05
12:48:35.070,6.2253,0.06
12:48:35.070,6.2254,0.05
12:48:35.070,6.2255,0.06
12:48:35.113,6.2683,0.05
12:48:35.113,6.2685,0.05
12:48:35.113,6.2686,0.05
12:48:35.113,6.2687,0.06
12:48:35.154,6.3093,0.05
12:48:35.154,6.3095,0.05
12:48:35.155,6.3096,0.06
12:48:35.155,6.3098,0.05
12:48:35.196,6.3512,0.06
12:48:35.196,6.3514,0.06
12:48:35.196,6.3515,0.05
12:48:35.197,6.3517,0.06
12:48:35.238,6.3929,0.06
12:48:35.238,6.3931,0.06
12:48:35.238,6.3932,0.05
12:48:35.279,6.4346,0.05
12:48:35.279,6.4347,0.06
12:48:35.279,6.4348,0.05
12:48:35.279,6.4350,0.07
12:48:35.322,6.4770,0.05
12:48:35.322,6.4772,0.06
12:48:35.322,6.4773,0.05
12:48:35.322,6.4774,0.05
12:48:35.362,6.5170,0.05
12:48:35.362,6.5172,0.06
12:48:35.362,6.5174,0.06
12:48:35.362,6.5175,0.07
12:48:35.404,6.5598,0.06
12:48:35.405,6.5600,0.06
12:48:35.405,6.5601,0.05
12:48:35.444,6.5996,0.06
12:48:35.445,6.5998,0.06
12:48:35.445,6.5999,0.06
12:48:35.445,6.6003,0.06
12:48:35.490,6.6451,0.06
12:48:35.490,6.6453,0.06
12:48:35.490,6.6454,0.06
12:48:35.491,6.6456,0.06
12:48:35.532,6.6877,0.06
12:48:35.532,6.6881,0.06
12:48:35.532,6.6882,0.07
12:48:35.532,6.6883,0.05
12:48:35.580,6.7389,0.06
12:48:35.580,6.7391,0.05
12:48:35.580,6.7392,0.06
12:48:35.580,6.7396,0.06
12:48:35.629,6.7887,0.06
12:48:35.629,6.7889,0.06
12:48:35.629,6.7890,0.06
12:48:35.629,6.7891,0.06
12:48:35.629,6.7893,0.07
12:48:35.683,6.8400,0.06
12:48:35.683,6.8402,0.06
12:48:35.683,6.8403,0.05
12:48:35.683,6.8404,0.05
12:48:35.739,6.8953,0.05
12:48:35.739,6.8954,0.06
12:48:35.739,6.8956,0.06
12:48:35.739,6.8957,0.06
12:48:35.741,6.8958,0.05
12:48:35.789,6.9439,0.06
12:48:35.789,6.9441,0.05
12:48:35.789,6.9442,0.05
12:48:35.789,6.9443,0.05
12:48:35.789,6.9444,0.05
12:48:35.834,6.9928,0.06
12:48:35.834,6.9930,0.06
12:48:35.834,6.9931,0.06
12:48:35.834,6.9933,0.06
12:48:35.883,7.0401,0.06
12:48:35.883,7.0403,0.05
12:48:35.883,7.0404,0.06
12:48:35.883,7.0405,0.06
12:48:35.932,7.0873,0.06
12:48:35.932,7.0875,0.05
12:48:35.932,7.0876,0.06
12:48:35.932,7.0878,0.05
12:48:35.976,7.1312,0.06
12:48:35.977,7.1313,0.06
12:48:35.977,7.1315,0.06
12:48:35.977,7.1317,0.05
12:48:36.022,7.1772,0.06
12:48:36.022,7.1774,0.06
12:48:36.022,7.1775,0.06
12:48:36.023,7.1777,0.05
12:48:36.069,7.2237,0.06
12:48:36.069,7.2239,0.06
12:48:36.069,7.2240,0.06
12:48:36.069,7.2242,0.06
12:48:36.113,7.2691,0.06
12:48:36.113,7.2693,0.05
12:48:36.113,7.2695,0.06
12:48:36.113,7.2696,0.06
12:48:36.162,7.3173,0.06
12:48:36.162,7.3175,0.06
12:48:36.162,7.3176,0.06
12:48:36.162,7.3177,0.06
12:48:36.162,7.3179,0.06
12:48:36.211,7.3668,0.06
12:48:36.211,7.3670,0.06
12:48:36.211,7.3671,0.06
12:48:36.211,7.3673,0.05
12:48:36.259,7.4164,0.06
12:48:36.259,7.4166,0.07
12:48:36.259,7.4168,0.06
12:48:36.259,7.4169,0.05
12:48:36.313,7.4699,0.06
12:48:36.313,7.4701,0.06
12:48:36.313,7.4703,0.06
12:48:36.313,7.4704,0.06
12:48:36.313,7.4705,0.06
12:48:36.362,7.5184,0.06
12:48:36.362,7.5186,0.05
12:48:36.362,7.5187,0.05
12:48:36.362,7.5189,0.05
12:48:36.362,7.5189,0.06
12:48:36.411,7.5670,0.06
12:48:36.412,7.5673,0.06
12:48:36.412,7.5675,0.06
12:48:36.413,7.5677,0.06
12:48:36.458,7.6129,0.06
12:48:36.458,7.6132,0.06
12:48:36.458,7.6133,0.06
12:48:36.458,7.6134,0.05
12:48:36.502,7.6573,0.06
12:48:36.502,7.6575,0.06
12:48:36.502,7.6577,0.07
12:48:36.502,7.6579,0.06
12:48:36.549,7.7040,0.06
12:48:36.549,7.7043,0.07
12:48:36.549,7.7044,0.06
12:48:36.549,7.7046,0.05
12:48:36.586,7.7420,0.06
12:48:36.587,7.7422,0.06
12:48:36.587,7.7423,0.06
12:48:36.587,7.7424,0.05
12:48:36.628,7.7830,0.06
12:48:36.628,7.7831,0.05
12:48:36.628,7.7833,0.05
12:48:36.669,7.8239,0.06
12:48:36.669,7.8241,0.06
12:48:36.669,7.8242,0.06
12:48:36.669,7.8243,0.06
12:48:36.707,7.8630,0.06
12:48:36.707,7.8631,0.05
12:48:36.707,7.8633,0.06
12:48:36.748,7.9028,0.05
12:48:36.748,7.9030,0.06
12:48:36.748,7.9031,0.07
12:48:36.749,7.9033,0.06
12:48:36.792,7.9472,0.06
12:48:36.792,7.9473,0.06
12:48:36.792,7.9475,0.06
12:48:36.792,7.9477,0.05
12:48:36.833,7.9879,0.06
12:48:36.833,7.9883,0.05
12:48:36.834,7.9885,0.05
12:48:36.873,8.0287,0.06
12:48:36.873,8.0288,0.06
12:48:36.874,8.0290,0.06
12:48:36.874,8.0291,0.05
12:48:36.917,8.0720,0.05
12:48:36.917,8.0721,0.05
12:48:36.917,8.0722,0.06
12:48:36.917,8.0724,0.06
12:48:36.957,8.1128,0.07
12:48:36.958,8.1130,0.06
12:48:36.958,8.1131,0.06
12:48:37.002,8.1571,0.06
12:48:37.002,8.1573,0.05
12:48:37.002,8.1574,0.06
12:48:37.002,8.1576,0.06
12:48:37.041,8.2002,0.06
12:48:37.045,8.2004,0.05
12:48:37.045,8.2005,0.06
12:48:37.045,8.2006,0.05
12:48:37.089,8.2455,0.06
12:48:37.089,8.2457,0.06
12:48:37.089,8.2459,0.06
12:48:37.089,8.2460,0.06
12:48:37.135,8.2895,0.06
12:48:37.135,8.2897,0.05
12:48:37.135,8.2898,0.05
12:48:37.135,8.2899,0.07
12:48:37.180,8.3361,0.06
12:48:37.180,8.3363,0.06
12:48:37.180,8.3365,0.06
12:48:37.180,8.3366,0.06
12:48:37.223,8.3828,0.07
12:48:37.223,8.3830,0.06
12:48:37.223,8.3831,0.01
12:48:37.228,8.3834,0.29
12:48:37.279,8.4343,0.21
12:48:37.279,8.4345,-0.36
12:48:37.279,8.4347,0.06
12:48:37.279,8.4348,-0.01
12:48:37.279,8.4350,-0.03
12:48:37.326,8.4809,0.05
12:48:37.326,8.4811,0.1
12:48:37.326,8.4812,0.09
12:48:37.326,8.4814,0.23
12:48:37.369,8.5274,0.05
12:48:37.373,8.5276,0.01
12:48:37.373,8.5278,0.18
12:48:37.373,8.5279,0.06
12:48:37.411,8.5694,0.11
12:48:37.411,8.5695,0.07
12:48:37.411,8.5697,-0.16
12:48:37.411,8.5700,0.08
12:48:37.460,8.6191,0.73
12:48:37.460,8.6194,0.3
12:48:37.460,8.6195,-0.06
12:48:37.465,8.6198,-0.1
12:48:37.509,8.6648,-0.23
12:48:37.509,8.6650,-1.19
12:48:37.509,8.6652,0.27
12:48:37.509,8.6653,-0.19
12:48:37.544,8.7027,0.04
12:48:37.544,8.7028,0.15
12:48:37.544,8.7030,-0.27
12:48:37.544,8.7032,-0.57
12:48:37.580,8.7397,0.17
12:48:37.580,8.7400,0.29
12:48:37.580,8.7401,0.06
12:48:37.629,8.7842,0.06
12:48:37.629,8.7844,0.01
12:48:37.629,8.7845,0.14
12:48:37.629,8.7847,0.04
12:48:37.669,8.8253,-0.03
12:48:37.669,8.8257,-0.08
12:48:37.671,8.8260,-0.02
12:48:37.671,8.8262,-0.08
12:48:37.714,8.8702,0.01
12:48:37.714,8.8704,0.14
12:48:37.714,8.8705,0.1
12:48:37.714,8.8707,0.02
12:48:37.751,8.9100,0.03
12:48:37.751,8.9102,0.02
12:48:37.751,8.9104,0.08
12:48:37.793,8.9506,0.0
12:48:37.793,8.9508,0.0
12:48:37.793,8.9509,0.03
12:48:37.793,8.9510,0.06
12:48:37.835,8.9915,0.02
12:48:37.835,8.9917,0.05
12:48:37.835,8.9918,0.07
12:48:37.835,8.9920,0.06
12:48:37.871,9.0291,0.05
12:48:37.871,9.0293,0.06
12:48:37.871,9.0294,0.08
12:48:37.913,9.0684,0.06
12:48:37.913,9.0686,0.05
12:48:37.914,9.0687,0.04
12:48:37.950,9.1065,-0.03
12:48:37.950,9.1068,0.04
12:48:37.950,9.1069,0.14
12:48:37.950,9.1070,0.05
12:48:37.989,9.1459,0.05
12:48:37.989,9.1462,0.09
12:48:37.989,9.1464,-0.01
12:48:38.029,9.1840,0.07
12:48:38.029,9.1842,0.05
12:48:38.029,9.1844,0.04
12:48:38.029,9.1845,0.04
12:48:38.067,9.2231,0.04
12:48:38.067,9.2233,0.06
12:48:38.067,9.2234,0.02
12:48:38.103,9.2583,0.06
12:48:38.103,9.2584,0.03
12:48:38.103,9.2585,0.02
12:48:38.139,9.2942,-0.09
12:48:38.139,9.2944,-0.01
12:48:38.139,9.2946,0.09
12:48:38.140,9.2947,-0.15
12:48:38.177,9.3331,0.06
12:48:38.177,9.3333,0.01
12:48:38.177,9.3334,0.31
12:48:38.217,9.3723,0.13
12:48:38.217,9.3724,0.04
12:48:38.218,9.3725,0.1
12:48:38.255,9.4098,0.08
12:48:38.255,9.4100,0.07
12:48:38.255,9.4101,0.05
12:48:38.255,9.4103,0.05
12:48:38.292,9.4470,0.0
12:48:38.292,9.4472,-0.0
12:48:38.292,9.4474,0.08
12:48:38.332,9.4873,0.05
12:48:38.332,9.4875,0.35
12:48:38.333,9.4877,-0.04
12:48:38.333,9.4879,0.0
12:48:38.365,9.5200,0.15
12:48:38.365,9.5202,0.25
12:48:38.365,9.5203,-0.24
12:48:38.399,9.5546,0.1
12:48:38.400,9.5547,0.05
12:48:38.435,9.5897,-0.05
12:48:38.435,9.5899,-0.09
12:48:38.435,9.5900,0.48
12:48:38.435,9.5901,0.08
12:48:38.468,9.6233,0.52
12:48:38.468,9.6234,-0.02
12:48:38.468,9.6236,-0.14
12:48:38.504,9.6586,0.01
12:48:38.504,9.6587,0.18
12:48:38.504,9.6589,0.12
12:48:38.545,9.7007,-0.03
12:48:38.545,9.7010,0.02
12:48:38.545,9.7012,0.09
12:48:38.545,9.7013,0.07
12:48:38.584,9.7408,0.03
12:48:38.586,9.7411,0.05
12:48:38.586,9.7413,0.09
12:48:38.623,9.7812,0.05
12:48:38.623,9.7814,0.03
12:48:38.623,9.7815,0.05
12:48:38.623,9.7816,0.0
12:48:38.668,9.8223,0.08
12:48:38.668,9.8225,0.07
12:48:38.668,9.8226,0.04
12:48:38.668,9.8228,0.04
12:48:38.668,9.8228,0.0
12:48:38.701,9.8602,0.06
12:48:38.701,9.8604,0.07
12:48:38.701,9.8605,0.05
12:48:38.701,9.8606,0.05
12:48:38.739,9.8974,0.06
12:48:38.739,9.8976,0.06
12:48:38.739,9.8978,0.06
12:48:38.785,9.9401,0.05
12:48:38.785,9.9403,0.06
12:48:38.785,9.9405,0.06
12:48:38.785,9.9407,0.06
12:48:38.823,9.9791,0.05
12:48:38.823,9.9793,0.06
12:48:38.823,9.9795,-0.06
12:48:38.859,10.0178,0.02
12:48:38.859,10.0180,0.06
12:48:38.859,10.0182,-0.02
12:48:38.864,10.0185,-3.0
12:48:38.912,10.0669,0.31
12:48:38.912,10.0671,0.48
12:48:38.912,10.0673,0.22
12:48:38.912,10.0674,0.16
12:48:38.956,10.1112,0.11
12:48:38.956,10.1113,0.07
12:48:38.956,10.1115,0.07
12:48:38.956,10.1116,-0.13
12:48:39.003,10.1593,0.33
12:48:39.005,10.1595,-0.12
12:48:39.005,10.1598,-0.04
12:48:39.005,10.1600,0.11
12:48:39.053,10.2103,0.11
12:48:39.053,10.2106,0.02
12:48:39.053,10.2108,0.04
12:48:39.053,10.2109,0.08
12:48:39.053,10.2111,0.06
12:48:39.099,10.2541,0.03
12:48:39.099,10.2543,0.01
12:48:39.099,10.2544,0.23
12:48:39.099,10.2545,0.09
12:48:39.144,10.3029,0.17
12:48:39.144,10.3030,0.13
12:48:39.144,10.3034,0.1
12:48:39.144,10.3036,-0.01
12:48:39.192,10.3481,0.14
12:48:39.192,10.3484,-0.09
12:48:39.192,10.3486,0.02
12:48:39.192,10.3487,0.19
12:48:39.241,10.3958,0.04
12:48:39.241,10.3962,0.01
12:48:39.241,10.3965,0.04
12:48:39.242,10.3967,0.13
12:48:39.289,10.4440,-0.01
12:48:39.289,10.4442,0.02
12:48:39.289,10.4444,0.38
12:48:39.289,10.4445,0.12
12:48:39.336,10.4919,0.17
12:48:39.336,10.4922,-0.08
12:48:39.337,10.4924,-0.16
12:48:39.337,10.4926,0.07
12:48:39.337,10.4927,0.14
12:48:39.380,10.5367,0.07
12:48:39.380,10.5369,0.0
12:48:39.380,10.5371,0.1
12:48:39.380,10.5372,0.09
12:48:39.423,10.5828,0.06
12:48:39.423,10.5829,0.12
12:48:39.423,10.5831,0.25
12:48:39.428,10.5833,0.14
12:48:39.476,10.6318,0.2
12:48:39.477,10.6320,0.16
12:48:39.477,10.6322,0.1
12:48:39.477,10.6324,-0.16
12:48:39.525,10.6800,0.15
12:48:39.525,10.6802,0.13
12:48:39.525,10.6803,0.1
12:48:39.525,10.6804,0.04
12:48:39.525,10.6806,0.02
12:48:39.566,10.7213,0.13
12:48:39.567,10.7216,0.08
12:48:39.567,10.7218,0.04
12:48:39.608,10.7630,0.03
12:48:39.608,10.7632,1.0
12:48:39.608,10.7634,0.02
12:48:39.608,10.7637,0.16
12:48:39.643,10.7983,0.19
12:48:39.643,10.7984,0.19
12:48:39.644,10.7986,0.11
12:48:39.677,10.8326,-0.35
12:48:39.677,10.8328,0.01
12:48:39.677,10.8329,0.08
12:48:39.713,10.8681,0.19
12:48:39.713,10.8684,0.02
12:48:39.714,10.8686,-0.05
12:48:39.750,10.9053,0.1
12:48:39.750,10.9055,0.1
12:48:39.750,10.9056,0.06
12:48:39.751,10.9058,0.07
12:48:39.786,10.9413,0.01
12:48:39.786,10.9415,0.19
12:48:39.786,10.9416,-0.02
12:48:39.823,10.9778,0.18
12:48:39.823,10.9779,0.14
12:48:39.823,10.9780,0.16
12:48:39.860,11.0153,0.56
12:48:39.860,11.0155,-0.02
12:48:39.860,11.0157,-0.1
12:48:39.896,11.0520,0.18
12:48:39.896,11.0522,0.09
12:48:39.897,11.0523,0.02
12:48:39.897,11.0524,0.03
12:48:39.936,11.0912,0.15
12:48:39.937,11.0914,0.09
12:48:39.937,11.0917,-0.05
12:48:39.977,11.1328,0.53
12:48:39.977,11.1329,0.13
12:48:39.977,11.1330,0.19
12:48:39.978,11.1332,0.13
12:48:40.015,11.1702,0.12
12:48:40.016,11.1704,0.16
12:48:40.016,11.1706,-0.13
12:48:40.049,11.2061,-0.09
12:48:40.049,11.2063,0.1
12:48:40.049,11.2064,0.24
12:48:40.090,11.2498,0.03
12:48:40.090,11.2500,-0.01
12:48:40.090,11.2501,0.1
12:48:40.095,11.2503,0.07
12:48:40.138,11.2934,0.06
12:48:40.139,11.2936,0.01
12:48:40.139,11.2938,0.07
12:48:40.139,11.2940,0.58
12:48:40.179,11.3340,0.09
12:48:40.179,11.3344,0.16
12:48:40.179,11.3346,0.29
12:48:40.179,11.3348,-0.18
12:48:40.223,11.3780,-0.11
12:48:40.223,11.3782,0.07
12:48:40.223,11.3784,0.16
12:48:40.265,11.4219,0.13
12:48:40.265,11.4221,0.01
12:48:40.265,11.4222,0.03
12:48:40.265,11.4224,0.11
12:48:40.310,11.4653,0.09
12:48:40.310,11.4655,0.03
12:48:40.310,11.4657,0.04
12:48:40.310,11.4659,1.0
12:48:40.350,11.5073,-0.03
12:48:40.350,11.5075,0.18
12:48:40.350,11.5076,0.18
12:48:40.350,11.5077,0.16
12:48:40.389,11.5462,0.31
12:48:40.389,11.5465,-0.03
12:48:40.389,11.5466,-0.1
12:48:40.435,11.5918,0.14
12:48:40.435,11.5920,0.17
12:48:40.435,11.5922,0.03
12:48:40.435,11.5923,-0.05
12:48:40.435,11.5924,0.06
12:48:40.483,11.6380,0.07
12:48:40.483,11.6382,0.05
12:48:40.483,11.6384,0.03
12:48:40.483,11.6385,1.0
12:48:40.522,11.6775,0.06
12:48:40.522,11.6777,0.15
12:48:40.522,11.6778,0.17
12:48:40.562,11.7179,0.16
12:48:40.562,11.7181,0.09
12:48:40.562,11.7183,-0.11
12:48:40.562,11.7184,-0.17
12:48:40.607,11.7631,-0.01
12:48:40.607,11.7633,0.08
12:48:40.607,11.7634,0.28
12:48:40.607,11.7635,0.0
12:48:40.647,11.8016,0.08
12:48:40.647,11.8019,0.1
12:48:40.647,11.8020,0.1
12:48:40.683,11.8390,0.0
12:48:40.683,11.8392,0.06
12:48:40.683,11.8393,-3.0
12:48:40.683,11.8394,0.1
12:48:40.720,11.8778,0.05
12:48:40.720,11.8780,0.18
12:48:40.720,11.8781,0.15
12:48:40.762,11.9210,0.51
12:48:40.762,11.9212,-0.09
12:48:40.762,11.9214,-0.37
12:48:40.767,11.9216,0.01
12:48:40.805,11.9629,0.23
12:48:40.805,11.9631,0.03
12:48:40.805,11.9632,-0.01
12:48:40.849,12.0051,0.05
12:48:40.849,12.0053,0.14
12:48:40.849,12.0054,0.11
12:48:40.849,12.0056,0.02
12:48:40.896,12.0513,0.02
12:48:40.896,12.0517,0.46
12:48:40.896,12.0518,0.11
12:48:40.896,12.0520,0.25
12:48:40.896,12.0520,0.0
12:48:40.939,12.0944,0.16
12:48:40.939,12.0946,0.16
12:48:40.939,12.0947,-0.03
12:48:40.939,12.0949,-0.04
12:48:40.980,12.1355,-0.04
12:48:40.981,12.1358,0.17
12:48:40.981,12.1360,0.13
12:48:40.981,12.1361,-0.01
12:48:41.019,12.1774,-0.03
12:48:41.023,12.1776,0.11
12:48:41.023,12.1777,0.11
12:48:41.062,12.2171,0.04
12:48:41.062,12.2173,0.1
12:48:41.062,12.2174,0.07
12:48:41.062,12.2175,0.28
12:48:41.098,12.2541,0.04
12:48:41.099,12.2543,0.22
12:48:41.099,12.2544,0.13
12:48:41.136,12.2915,0.11
12:48:41.137,12.2919,0.17
12:48:41.137,12.2920,-0.03
12:48:41.137,12.2922,-0.1
12:48:41.176,12.3319,0.15
12:48:41.177,12.3320,0.18
12:48:41.177,12.3322,0.05
12:48:41.213,12.3679,0.03
12:48:41.213,12.3680,0.09
12:48:41.213,12.3681,0.09
12:48:41.213,12.3682,0.01
12:48:41.250,12.4043,0.07
12:48:41.250,12.4045,1.0
12:48:41.250,12.4046,0.02
12:48:41.289,12.4446,0.13
12:48:41.289,12.4448,0.14
12:48:41.290,12.4450,0.16
12:48:41.327,12.4817,0.4
12:48:41.327,12.4818,-0.2
12:48:41.327,12.4820,-0.14
12:48:41.327,12.4821,0.11
12:48:41.361,12.5170,0.17
12:48:41.362,12.5171,0.12
12:48:41.362,12.5174,-0.06
12:48:41.404,12.5590,0.04
12:48:41.404,12.5592,0.13
12:48:41.404,12.5593,0.04
12:48:41.405,12.5595,0.05
12:48:41.440,12.5952,0.1
12:48:41.440,12.5955,0.24
12:48:41.440,12.5956,-0.61
12:48:41.476,12.6308,0.21
12:48:41.476,12.6310,0.08
12:48:41.476,12.6312,0.12
12:48:41.515,12.6700,0.1
12:48:41.515,12.6702,0.08
12:48:41.515,12.6703,-0.1
12:48:41.550,12.7066,0.01
12:48:41.552,12.7068,0.08
12:48:41.552,12.7071,0.1
12:48:41.552,12.7073,0.07
12:48:41.590,12.7469,-0.03
12:48:41.590,12.7471,0.08
12:48:41.590,12.7472,0.01
12:48:41.635,12.7914,0.09
12:48:41.635,12.7916,0.09
12:48:41.635,12.7918,-0.09
12:48:41.635,12.7919,0.05
12:48:41.677,12.8322,0.55
12:48:41.677,12.8324,0.05
12:48:41.677,12.8325,0.17
12:48:41.677,12.8326,0.06
12:48:41.714,12.8717,0.3
12:48:41.714,12.8719,-0.06
12:48:41.714,12.8721,-0.18
12:48:41.759,12.9145,0.11
12:48:41.759,12.9147,0.18
12:48:41.759,12.9149,0.04
12:48:41.759,12.9150,-0.0
12:48:41.799,12.9580,0.12
12:48:41.799,12.9583,0.08
12:48:41.799,12.9584,0.05
12:48:41.799,12.9586,0.01
12:48:41.846,13.0012,0.02
12:48:41.846,13.0014,0.02
12:48:41.847,13.0017,-1.29
12:48:41.847,13.0019,0.08
12:48:41.883,13.0424,0.17
12:48:41.883,13.0425,0.11
12:48:41.883,13.0427,0.07
12:48:41.883,13.0431,0.25
12:48:41.930,13.0847,-0.15
12:48:41.930,13.0849,-0.1
12:48:41.930,13.0851,0.1
12:48:41.969,13.1261,0.15
12:48:41.969,13.1263,0.05
12:48:41.969,13.1264,-0.03
12:48:41.969,13.1266,0.12
12:48:42.017,13.1739,0.09
12:48:42.019,13.1741,-0.01
12:48:42.019,13.1743,0.03
12:48:42.019,13.1745,0.28
12:48:42.059,13.2169,-0.55
12:48:42.059,13.2171,0.03
12:48:42.059,13.2172,0.11
12:48:42.059,13.2173,0.14
12:48:42.101,13.2596,0.1
12:48:42.101,13.2598,0.11
12:48:42.101,13.2599,-0.16
12:48:42.101,13.2600,0.23
12:48:42.144,13.3005,0.08
12:48:42.144,13.3007,-0.06
12:48:42.144,13.3008,0.0
12:48:42.144,13.3009,0.0
12:48:42.185,13.3399,0.12
12:48:42.185,13.3402,0.11
12:48:42.185,13.3403,0.01
12:48:42.185,13.3405,0.04
12:48:42.230,13.3879,0.09
12:48:42.230,13.3883,0.23
12:48:42.230,13.3886,-0.8
12:48:42.230,13.3888,0.03
12:48:42.278,13.4335,0.15
12:48:42.278,13.4337,0.15
12:48:42.278,13.4338,-0.02
12:48:42.279,13.4340,0.04
12:48:42.326,13.4821,0.08
12:48:42.326,13.4822,0.02
12:48:42.326,13.4824,-0.04
12:48:42.326,13.4825,0.05
12:48:42.326,13.4826,0.1
12:48:42.371,13.5263,2.0
12:48:42.371,13.5265,0.07
12:48:42.371,13.5266,0.02
12:48:42.371,13.5268,0.04
12:48:42.371,13.5269,0.07
12:48:42.415,13.5694,0.06
12:48:42.415,13.5696,0.01
12:48:42.415,13.5698,0.71
12:48:42.453,13.6121,0.1
12:48:42.453,13.6123,0.14
12:48:42.458,13.6126,0.2
12:48:42.458,13.6129,-0.06
12:48:42.500,13.6564,-0.02
12:48:42.502,13.6566,0.12
12:48:42.502,13.6569,-0.01
12:48:42.502,13.6570,-0.04
12:48:42.543,13.6987,0.07
12:48:42.544,13.6989,0.13
12:48:42.544,13.6991,0.05
12:48:42.544,13.6993,0.02
12:48:42.583,13.7383,0.05
12:48:42.583,13.7385,0.09
12:48:42.583,13.7386,0.05
12:48:42.623,13.7779,0.05
12:48:42.623,13.7781,0.05
12:48:42.623,13.7782,0.07
12:48:42.623,13.7784,0.15
12:48:42.661,13.8163,-0.05
12:48:42.662,13.8165,-0.05
12:48:42.662,13.8166,0.13
12:48:42.700,13.8545,0.14
12:48:42.700,13.8547,0.06
12:48:42.700,13.8548,0.08
12:48:42.700,13.8550,-0.23
12:48:42.741,13.8956,-0.13
12:48:42.741,13.8958,0.16
12:48:42.741,13.8959,0.21
12:48:42.781,13.9362,-0.0
12:48:42.781,13.9364,0.04
12:48:42.781,13.9367,0.07
12:48:42.782,13.9369,0.1
12:48:42.820,13.9755,0.04
12:48:42.820,13.9757,0.01
12:48:42.820,13.9759,-0.19
12:48:42.860,14.0155,-1.0
12:48:42.860,14.0156,0.16
12:48:42.860,14.0158,0.19
12:48:42.860,14.0159,0.08
12:48:42.897,14.0522,0.05
12:48:42.898,14.0525,0.18
12:48:42.898,14.0526,-0.24
12:48:42.940,14.0951,-0.08
12:48:42.940,14.0952,0.21
12:48:42.940,14.0954,0.15
12:48:42.940,14.0955,-0.03
12:48:42.979,14.1342,-0.04
12:48:42.979,14.1344,0.11
12:48:42.979,14.1346,0.11
12:48:43.015,14.1714,0.01
12:48:43.017,14.1716,0.05
12:48:43.017,14.1717,-0.07
12:48:43.017,14.1718,0.14
12:48:43.062,14.2169,0.15
12:48:43.062,14.2171,0.11
12:48:43.062,14.2172,-0.04
12:48:43.062,14.2173,0.09
12:48:43.102,14.2610,-0.06
12:48:43.102,14.2613,-0.03
12:48:43.102,14.2614,0.1
12:48:43.102,14.2615,0.14
12:48:43.152,14.3067,0.06
12:48:43.152,14.3069,0.0
12:48:43.152,14.3070,0.06
12:48:43.152,14.3072,0.09
12:48:43.193,14.3494,0.06
12:48:43.193,14.3496,-0.91
12:48:43.193,14.3498,0.14
12:48:43.193,14.3499,-0.07
12:48:43.241,14.3968,0.26
12:48:43.241,14.3969,0.12
12:48:43.241,14.3971,0.06
12:48:43.241,14.3972,0.51
12:48:43.279,14.4361,-0.06
12:48:43.279,14.4363,-0.01
12:48:43.279,14.4365,0.09
12:48:43.320,14.4780,0.11
12:48:43.320,14.4782,0.07
12:48:43.320,14.4783,0.02
12:48:43.320,14.4784,0.06
12:48:43.362,14.5195,0.09
12:48:43.362,14.5197,0.07
12:48:43.362,14.5198,-0.34
12:48:43.362,14.5200,-0.02
12:48:43.411,14.5672,-0.06
12:48:43.411,14.5674,0.13
12:48:43.411,14.5676,0.14
12:48:43.411,14.5678,0.0
12:48:43.454,14.6123,0.28
12:48:43.454,14.6128,-0.1
12:48:43.454,14.6131,-0.0
12:48:43.454,14.6133,0.12
12:48:43.502,14.6580,0.15
12:48:43.502,14.6583,0.03
12:48:43.502,14.6585,0.02
12:48:43.502,14.6587,0.08
12:48:43.545,14.7014,0.09
12:48:43.545,14.7016,0.03
12:48:43.545,14.7018,-0.2
12:48:43.545,14.7019,0.44
12:48:43.593,14.7489,-0.03
12:48:43.593,14.7490,0.1
12:48:43.593,14.7492,0.12
12:48:43.593,14.7493,0.08
12:48:43.639,14.7947,0.06
12:48:43.639,14.7950,0.27
12:48:43.639,14.7952,-0.1
12:48:43.639,14.7953,-0.09
12:48:43.679,14.8343,0.1
12:48:43.679,14.8345,0.16
12:48:43.679,14.8346,0.03
12:48:43.679,14.8348,-0.01
12:48:43.720,14.8781,0.07
12:48:43.720,14.8783,0.1
12:48:43.720,14.8784,0.05
12:48:43.720,14.8786,0.02
12:48:43.769,14.9270,0.07
12:48:43.769,14.9273,0.09
12:48:43.769,14.9278,0.05
12:48:43.769,14.9280,0.03
12:48:43.811,14.9696,0.06
12:48:43.811,14.9698,0.07
12:48:43.811,14.9699,0.05
12:48:43.811,14.9703,0.06
12:48:43.859,15.0145,0.06
12:48:43.859,15.0148,0.07
12:48:43.859,15.0151,0.07
12:48:43.859,15.0154,0.05
12:48:43.901,15.0598,0.05
12:48:43.901,15.0600,0.05
12:48:43.901,15.0602,0.06
12:48:43.901,15.0603,0.05
12:48:43.950,15.1073,0.05
12:48:43.950,15.1075,0.06
12:48:43.950,15.1076,0.06
12:48:43.950,15.1077,0.05
12:48:43.993,15.1503,0.05
12:48:43.993,15.1505,0.06
12:48:43.993,15.1506,0.06
12:48:43.993,15.1507,0.05
12:48:44.036,15.1915,0.05
12:48:44.036,15.1917,0.06
12:48:44.037,15.1918,0.07
12:48:44.079,15.2338,0.06
12:48:44.079,15.2340,0.06
12:48:44.079,15.2341,0.06
12:48:44.079,15.2342,0.06
12:48:44.123,15.2791,0.05
12:48:44.124,15.2793,0.05
12:48:44.125,15.2795,0.06
12:48:44.125,15.2797,0.06
12:48:44.161,15.3170,0.06
12:48:44.162,15.3172,0.06
12:48:44.162,15.3174,0.05
12:48:44.162,15.3175,0.05
12:48:44.201,15.3569,0.06
12:48:44.201,15.3571,0.06
12:48:44.202,15.3573,0.06
12:48:44.246,15.4021,0.06
12:48:44.247,15.4022,0.05
12:48:44.247,15.4024,0.05
12:48:44.247,15.4025,0.07
12:48:44.285,15.4398,0.06
12:48:44.285,15.4399,0.05
12:48:44.285,15.4400,0.06
12:48:44.285,15.4401,0.05
12:48:44.325,15.4805,0.05
12:48:44.325,15.4807,0.05
12:48:44.326,15.4808,0.05
12:48:44.366,15.5217,0.05
12:48:44.367,15.5219,0.04
12:48:44.367,15.5221,0.05
12:48:44.367,15.5222,0.06
12:48:44.406,15.5604,0.06
12:48:44.406,15.5606,0.06
12:48:44.406,15.5607,0.06
12:48:44.442,15.5977,0.06
12:48:44.443,15.5979,0.05
12:48:44.443,15.5980,0.05
12:48:44.443,15.5982,0.06
12:48:44.485,15.6401,0.05
12:48:44.485,15.6402,0.05
12:48:44.486,15.6404,0.06
12:48:44.525,15.6808,0.05
12:48:44.525,15.6810,0.06
12:48:44.525,15.6811,0.05
12:48:44.525,15.6812,0.05
12:48:44.571,15.7271,0.06
12:48:44.571,15.7273,0.06
12:48:44.571,15.7274,0.06
12:48:44.571,15.7276,0.04
12:48:44.611,15.7705,0.06
12:48:44.611,15.7707,0.04
12:48:44.611,15.7709,0.06
12:48:44.611,15.7710,0.05
12:48:44.659,15.8139,0.06
12:48:44.659,15.8141,0.06
12:48:44.659,15.8143,0.05
12:48:44.659,15.8145,0.05
12:48:44.710,15.8652,0.05
12:48:44.710,15.8654,0.06
12:48:44.710,15.8656,0.04
12:48:44.710,15.8657,0.05
12:48:44.755,15.9104,0.06
12:48:44.756,15.9106,0.06
12:48:44.756,15.9107,0.06
12:48:44.756,15.9109,0.06
12:48:44.799,15.9555,0.05
12:48:44.799,15.9559,0.06
12:48:44.799,15.9562,0.04
12:48:44.799,15.9563,0.05
12:48:44.849,16.0042,0.05
12:48:44.849,16.0044,0.07
12:48:44.849,16.0046,0.06
12:48:44.849,16.0047,0.07
12:48:44.849,16.0049,0.05
12:48:44.892,16.0493,0.06
12:48:44.892,16.0496,0.03
12:48:44.892,16.0498,0.15
12:48:44.892,16.0500,0.08
12:48:44.944,16.1001,0.07
12:48:44.944,16.1003,0.17
12:48:44.944,16.1004,-0.0
12:48:44.944,16.1005,0.2
12:48:44.992,16.1472,-0.03
12:48:44.992,16.1474,0.07
12:48:44.992,16.1475,0.07
12:48:44.992,16.1476,0.07
12:48:44.992,16.1477,0.07
12:48:45.042,16.1969,0.07
12:48:45.042,16.1971,0.06
12:48:45.042,16.1972,0.06
12:48:45.043,16.1974,0.07
12:48:45.083,16.2397,0.02
12:48:45.083,16.2399,0.02
12:48:45.083,16.2400,0.08
12:48:45.083,16.2401,-0.09
12:48:45.126,16.2820,0.02
12:48:45.126,16.2822,-0.01
12:48:45.126,16.2824,0.0
12:48:45.126,16.2826,0.09
12:48:45.175,16.3333,0.06
12:48:45.175,16.3335,0.06
12:48:45.175,16.3338,0.07
12:48:45.175,16.3340,0.05
12:48:45.223,16.3785,0.07
12:48:45.223,16.3786,0.05
12:48:45.223,16.3788,0.07
12:48:45.223,16.3789,0.13
12:48:45.266,16.4229,0.02
12:48:45.266,16.4231,0.03
12:48:45.268,16.4232,0.03
12:48:45.268,16.4234,0.07
12:48:45.314,16.4688,0.08
12:48:45.314,16.4690,0.08
12:48:45.314,16.4691,0.08
12:48:45.314,16.4692,0.09
12:48:45.357,16.5130,0.05
12:48:45.357,16.5133,0.06
12:48:45.357,16.5134,0.06
12:48:45.357,16.5135,0.03
12:48:45.405,16.5627,0.05
12:48:45.405,16.5629,0.21
12:48:45.405,16.5630,0.11
12:48:45.405,16.5631,0.06
12:48:45.449,16.6057,0.04
12:48:45.449,16.6059,0.08
12:48:45.449,16.6061,0.06
12:48:45.449,16.6062,0.06
12:48:45.494,16.6498,0.05
12:48:45.494,16.6500,0.05
12:48:45.495,16.6502,0.05
12:48:45.495,16.6503,0.06
12:48:45.542,16.6969,0.06
12:48:45.542,16.6971,0.06
12:48:45.542,16.6972,0.07
12:48:45.542,16.6974,0.05
12:48:45.581,16.7356,0.05
12:48:45.581,16.7358,0.06
12:48:45.581,16.7359,0.06
12:48:45.581,16.7360,0.06
12:48:45.618,16.7730,0.06
12:48:45.618,16.7732,0.05
12:48:45.618,16.7734,0.05
12:48:45.660,16.8146,0.06
12:48:45.660,16.8148,0.05
12:48:45.660,16.8149,0.05
12:48:45.660,16.8150,0.06
12:48:45.698,16.8524,0.07
12:48:45.698,16.8526,0.06
12:48:45.698,16.8527,0.05
12:48:45.736,16.8915,0.05
12:48:45.737,16.8917,0.05
12:48:45.737,16.8919,0.06
12:48:45.780,16.9351,0.07
12:48:45.780,16.9353,0.05
12:48:45.781,16.9356,0.05
12:48:45.781,16.9358,0.06
12:48:45.818,16.9742,0.05
12:48:45.819,16.9743,0.06
12:48:45.819,16.9745,0.06
12:48:45.819,16.9746,0.03
12:48:45.861,17.0168,0.05
12:48:45.861,17.0169,0.05
12:48:45.861,17.0171,0.05
12:48:45.862,17.0172,0.06
12:48:45.903,17.0578,0.05
12:48:45.903,17.0579,0.06
12:48:45.903,17.0581,0.05
12:48:45.941,17.0961,0.05
12:48:45.941,17.0963,0.05
12:48:45.942,17.0965,0.07
12:48:45.942,17.0966,0.06
12:48:45.982,17.1373,0.07
12:48:45.983,17.1375,0.06
12:48:45.983,17.1376,0.05
12:48:46.022,17.1771,0.06
12:48:46.022,17.1773,0.06
12:48:46.022,17.1774,0.06
12:48:46.022,17.1776,0.06
12:48:46.059,17.2172,0.06
12:48:46.059,17.2175,0.06
12:48:46.059,17.2177,0.06
12:48:46.059,17.2179,0.05
12:48:46.110,17.2665,0.06
12:48:46.110,17.2667,0.06
12:48:46.110,17.2669,0.05
12:48:46.110,17.2670,0.07
12:48:46.155,17.3104,0.04
12:48:46.155,17.3106,0.06
12:48:46.156,17.3107,0.06
12:48:46.156,17.3108,0.07
12:48:46.193,17.3502,0.07
12:48:46.193,17.3504,0.05
12:48:46.193,17.3505,0.05
12:48:46.241,17.3999,0.04
12:48:46.241,17.4001,0.05
12:48:46.241,17.4003,0.05
12:48:46.241,17.4004,0.06
12:48:46.241,17.4006,0.06
12:48:46.295,17.4504,0.05
12:48:46.295,17.4505,0.06
12:48:46.296,17.4507,0.06
12:48:46.296,17.4508,0.05
12:48:46.341,17.4959,0.06
12:48:46.341,17.4961,0.06
12:48:46.341,17.4962,0.05
12:48:46.341,17.4963,0.05
12:48:46.393,17.5509,0.05
12:48:46.393,17.5511,0.06
12:48:46.393,17.5512,0.05
12:48:46.393,17.5513,0.05
12:48:46.393,17.5514,0.06
12:48:46.441,17.5988,0.11
12:48:46.441,17.5990,0.04
12:48:46.441,17.5992,0.05
12:48:46.441,17.5993,0.05
12:48:46.496,17.6512,0.04
12:48:46.496,17.6514,0.04
12:48:46.496,17.6515,0.05
12:48:46.496,17.6517,0.07
12:48:46.496,17.6518,0.07
12:48:46.544,17.6994,0.06
12:48:46.544,17.6997,0.09
12:48:46.544,17.7000,0.04
12:48:46.544,17.7002,0.05
12:48:46.544,17.7003,0.06
12:48:46.593,17.7479,0.05
12:48:46.593,17.7481,0.06
12:48:46.593,17.7483,0.06
12:48:46.593,17.7484,0.05
12:48:46.635,17.7896,0.06
12:48:46.635,17.7899,0.06
12:48:46.635,17.7901,0.05
12:48:46.635,17.7903,-0.15
12:48:46.671,17.8301,0.22
12:48:46.671,17.8303,0.01
12:48:46.671,17.8304,0.18
12:48:46.721,17.8774,0.17
12:48:46.721,17.8777,0.12
12:48:46.721,17.8779,0.11
12:48:46.721,17.8780,0.07
12:48:46.762,17.9175,-0.15
12:48:46.762,17.9178,-0.31
12:48:46.762,17.9180,-0.05
12:48:46.762,17.9182,0.27
12:48:46.805,17.9640,0.17
12:48:46.809,17.9645,-0.07
12:48:46.809,17.9648,-0.01
12:48:46.809,17.9650,0.12
12:48:46.854,18.0124,0.11
12:48:46.854,18.0126,0.05
12:48:46.858,18.0129,0.02
12:48:46.858,18.0132,0.18
12:48:46.902,18.0564,0.16
12:48:46.902,18.0566,0.14
12:48:46.902,18.0567,0.1
12:48:46.902,18.0569,-0.1
12:48:46.951,18.1068,-0.14
12:48:46.952,18.1071,0.06
12:48:46.952,18.1072,0.18
12:48:46.952,18.1074,0.13
12:48:46.952,18.1075,-0.02
12:48:46.993,18.1507,0.03
12:48:46.993,18.1510,0.09
12:48:46.993,18.1511,0.07
12:48:46.993,18.1512,1.0
12:48:47.041,18.1969,0.32
12:48:47.042,18.1971,0.07
12:48:47.042,18.1974,0.23
12:48:47.042,18.1976,0.13
12:48:47.085,18.2397,0.13
12:48:47.085,18.2398,0.06
12:48:47.085,18.2400,-0.01
12:48:47.085,18.2401,-0.12
12:48:47.133,18.2883,0.01
12:48:47.133,18.2887,0.2
12:48:47.134,18.2891,0.12
12:48:47.134,18.2893,-0.03
12:48:47.177,18.3333,0.03
12:48:47.179,18.3335,0.09
12:48:47.179,18.3336,0.09
12:48:47.179,18.3339,0.04
12:48:47.222,18.3774,0.09
12:48:47.222,18.3776,0.0
12:48:47.222,18.3777,0.15
12:48:47.222,18.3778,0.18
12:48:47.268,18.4233,0.09
12:48:47.269,18.4235,0.11
12:48:47.269,18.4236,0.07
12:48:47.269,18.4238,-0.16
12:48:47.313,18.4684,0.06
12:48:47.313,18.4686,0.07
12:48:47.314,18.4687,0.16
12:48:47.314,18.4688,0.07
12:48:47.352,18.5079,-0.01
12:48:47.352,18.5081,0.04
12:48:47.353,18.5082,0.11
12:48:47.396,18.5513,0.1
12:48:47.396,18.5515,0.07
12:48:47.397,18.5516,0.04
12:48:47.397,18.5517,0.15
12:48:47.442,18.5979,0.15
12:48:47.443,18.5981,0.09
12:48:47.443,18.5982,0.12
12:48:47.443,18.5983,0.09
12:48:47.485,18.6397,-0.09
12:48:47.485,18.6399,-0.08
12:48:47.485,18.6400,0.13
12:48:47.485,18.6401,0.16
12:48:47.524,18.6790,0.06
12:48:47.524,18.6791,0.01
12:48:47.524,18.6793,0.07
12:48:47.524,18.6794,0.09
12:48:47.563,18.7216,0.06
12:48:47.563,18.7219,0.14
12:48:47.563,18.7220,0.13
12:48:47.611,18.7683,0.09
12:48:47.611,18.7685,0.16
12:48:47.611,18.7686,0.1
12:48:47.611,18.7687,0.13
12:48:47.611,18.7689,0.06
12:48:47.660,18.8178,-0.01
12:48:47.660,18.8181,0.01
12:48:47.660,18.8183,0.14
12:48:47.660,18.8185,0.11
12:48:47.715,18.8713,0.03
12:48:47.715,18.8715,0.02
12:48:47.715,18.8716,0.07
12:48:47.715,18.8717,0.08
12:48:47.715,18.8718,0.06
12:48:47.765,18.9215,0.05
12:48:47.767,18.9219,0.53
12:48:47.767,18.9222,-0.02
12:48:47.767,18.9224,0.13
12:48:47.811,18.9660,0.13
12:48:47.812,18.9663,0.1
12:48:47.812,18.9664,0.11
12:48:47.812,18.9666,0.17
12:48:47.854,19.0113,-0.04
12:48:47.854,19.0115,-0.06
12:48:47.854,19.0117,0.11
12:48:47.854,19.0118,0.18
12:48:47.903,19.0583,0.05
12:48:47.903,19.0585,-0.01
12:48:47.903,19.0587,0.07
12:48:47.903,19.0588,0.1
12:48:47.953,19.1087,0.06
12:48:47.953,19.1089,0.13
12:48:47.953,19.1090,-0.01
12:48:47.953,19.1091,0.13
12:48:47.953,19.1093,0.13
12:48:48.000,19.1553,0.1
12:48:48.000,19.1555,0.08
12:48:48.000,19.1556,0.04
12:48:48.000,19.1557,-0.03
12:48:48.047,19.2032,0.03
12:48:48.047,19.2034,0.13
12:48:48.047,19.2035,0.1
12:48:48.047,19.2037,0.04
12:48:48.100,19.2555,0.04
12:48:48.100,19.2558,0.08
12:48:48.100,19.2560,0.07
12:48:48.100,19.2561,0.05
12:48:48.100,19.2563,1.0
12:48:48.151,19.3057,0.14
12:48:48.151,19.3059,0.09
12:48:48.151,19.3061,0.17
12:48:48.151,19.3062,0.1
12:48:48.199,19.3542,0.11
12:48:48.199,19.3544,0.08
12:48:48.200,19.3545,0.01
12:48:48.200,19.3547,-0.08
12:48:48.200,19.3548,0.03
12:48:48.248,19.4036,0.18
12:48:48.248,19.4038,0.1
12:48:48.248,19.4040,-0.0
12:48:48.248,19.4041,0.03
12:48:48.290,19.4498,0.1
12:48:48.290,19.4500,0.09
12:48:48.290,19.4502,0.04
12:48:48.290,19.4503,-0.64
12:48:48.344,19.5000,0.13
12:48:48.344,19.5003,0.11
12:48:48.344,19.5005,0.15
12:48:48.344,19.5008,0.09
12:48:48.393,19.5491,0.09
12:48:48.393,19.5493,0.16
12:48:48.395,19.5494,-0.03
12:48:48.395,19.5495,-0.01
12:48:48.395,19.5497,0.12
12:48:48.441,19.5970,0.12
12:48:48.441,19.5971,0.04
12:48:48.441,19.5973,0.01
12:48:48.441,19.5975,0.09
12:48:48.490,19.6452,0.1
12:48:48.490,19.6453,0.06
12:48:48.490,19.6455,-1.46
12:48:48.490,19.6457,0.21
12:48:48.531,19.6862,0.08
12:48:48.531,19.6864,0.17
12:48:48.531,19.6865,0.08
12:48:48.531,19.6867,0.08
12:48:48.570,19.7246,0.04
12:48:48.570,19.7248,0.03
12:48:48.570,19.7249,0.03
12:48:48.611,19.7666,0.11
12:48:48.612,19.7669,0.1
12:48:48.612,19.7670,0.04
12:48:48.612,19.7672,0.03
12:48:48.648,19.8035,0.07
12:48:48.648,19.8037,0.08
12:48:48.648,19.8038,0.07
12:48:48.686,19.8406,0.96
12:48:48.686,19.8408,-0.05
12:48:48.686,19.8409,0.13
12:48:48.686,19.8410,0.13
12:48:48.725,19.8806,0.08
12:48:48.726,19.8808,0.11
12:48:48.726,19.8810,0.04
12:48:48.763,19.9176,-0.03
12:48:48.763,19.9179,-0.02
12:48:48.763,19.9180,0.09
12:48:48.801,19.9562,0.15
12:48:48.801,19.9564,0.05
12:48:48.801,19.9565,0.01
12:48:48.801,19.9567,0.05
12:48:48.842,19.9971,0.1
12:48:48.842,19.9973,0.07
12:48:48.842,19.9975,-0.31
12:48:48.842,19.9976,0.02
12:48:48.881,20.0365,0.11
12:48:48.881,20.0367,0.13
12:48:48.881,20.0368,0.1
12:48:48.918,20.0733,0.1
12:48:48.919,20.0735,0.09
12:48:48.919,20.0737,0.01
12:48:48.959,20.1133,-0.06
12:48:48.959,20.1135,0.1
12:48:48.959,20.1137,0.17
12:48:48.959,20.1138,0.05
12:48:48.995,20.1503,0.0
12:48:48.996,20.1505,0.05
12:48:48.996,20.1506,0.1
12:48:49.030,20.1857,0.07
12:48:49.030,20.1859,-0.06
12:48:49.030,20.1861,-0.01
12:48:49.030,20.1861,0.0
12:48:49.072,20.2302,0.1
12:48:49.072,20.2304,0.14
12:48:49.072,20.2305,0.11
12:48:49.072,20.2307,0.11
12:48:49.072,20.2307,0.0
12:48:49.114,20.2739,7.0
12:48:49.114,20.2743,-0.01
12:48:49.120,20.2746,-0.07
12:48:49.120,20.2748,0.07
12:48:49.156,20.3132,0.16
12:48:49.156,20.3134,0.07
12:48:49.156,20.3135,0.01
12:48:49.156,20.3136,0.04
12:48:49.201,20.3566,0.09
12:48:49.201,20.3568,0.07
12:48:49.201,20.3569,0.03
12:48:49.242,20.3982,0.33
12:48:49.242,20.3985,-0.0
12:48:49.242,20.3986,0.1
12:48:49.244,20.3987,0.16
12:48:49.280,20.4364,0.1
12:48:49.280,20.4367,0.08
12:48:49.280,20.4368,0.12
12:48:49.280,20.4370,-0.14
12:48:49.323,20.4790,-0.01
12:48:49.323,20.4792,0.16
12:48:49.323,20.4793,0.12
12:48:49.362,20.5199,-0.0
12:48:49.362,20.5201,0.01
12:48:49.362,20.5203,0.09
12:48:49.362,20.5204,0.09
12:48:49.405,20.5642,0.04
12:48:49.410,20.5648,-0.81
12:48:49.410,20.5650,0.09
12:48:49.410,20.5652,0.09
12:48:49.452,20.6078,0.16
12:48:49.452,20.6081,0.09
12:48:49.453,20.6084,0.1
12:48:49.453,20.6085,0.03
12:48:49.490,20.6501,-0.04
12:48:49.490,20.6504,-0.07
12:48:49.496,20.6505,0.07
12:48:49.496,20.6508,0.17
12:48:49.538,20.6924,0.07
12:48:49.538,20.6927,-0.01
12:48:49.538,20.6929,0.04
12:48:49.577,20.7321,0.1
12:48:49.577,20.7323,0.08
12:48:49.577,20.7324,0.03
12:48:49.577,20.7325,0.05
12:48:49.617,20.7719,0.19
12:48:49.617,20.7721,0.05
12:48:49.617,20.7722,0.18
12:48:49.617,20.7724,0.08
12:48:49.654,20.8137,0.09
12:48:49.654,20.8139,0.17
12:48:49.654,20.8140,-0.04
12:48:49.696,20.8526,-0.07
12:48:49.696,20.8528,0.08
12:48:49.696,20.8529,0.16
12:48:49.732,20.8903,0.06
12:48:49.732,20.8905,-0.01
12:48:49.732,20.8906,0.06
12:48:49.732,20.8907,0.1
12:48:49.781,20.9356,0.07
12:48:49.781,20.9359,0.03
12:48:49.781,20.9362,-0.14
12:48:49.781,20.9364,0.38
12:48:49.817,20.9731,0.08
12:48:49.817,20.9733,0.2
12:48:49.817,20.9735,0.09
12:48:49.853,21.0128,0.13
12:48:49.853,21.0131,0.07
12:48:49.853,21.0132,-0.02
12:48:49.853,21.0134,-0.03
12:48:49.902,21.0576,0.13
12:48:49.902,21.0578,0.13
12:48:49.902,21.0579,0.03
12:48:49.902,21.0581,0.02
12:48:49.941,21.0961,0.07
12:48:49.941,21.0963,0.09
12:48:49.941,21.0964,0.05
12:48:49.982,21.1375,0.04
12:48:49.982,21.1378,1.0
12:48:49.982,21.1379,0.14
12:48:49.982,21.1380,0.14
12:48:50.025,21.1804,0.17
12:48:50.025,21.1806,0.11
12:48:50.025,21.1807,0.23
12:48:50.025,21.1808,-0.1
12:48:50.066,21.2210,-0.1
12:48:50.066,21.2212,0.04
12:48:50.067,21.2214,0.2
12:48:50.105,21.2603,0.1
12:48:50.105,21.2605,-0.01
12:48:50.105,21.2607,0.04
12:48:50.105,21.2609,0.11
12:48:50.147,21.3027,0.09
12:48:50.147,21.3029,0.04
12:48:50.147,21.3030,0.82
12:48:50.148,21.3031,-0.0
12:48:50.186,21.3411,10.0
12:48:50.186,21.3413,0.12
12:48:50.186,21.3415,0.14
12:48:50.187,21.3417,0.1
12:48:50.223,21.3785,0.06
12:48:50.223,21.3787,0.02
12:48:50.223,21.3788,-0.08
12:48:50.263,21.4182,0.01
12:48:50.263,21.4184,0.16
12:48:50.264,21.4185,0.11
12:48:50.264,21.4187,0.01
12:48:50.302,21.4575,0.02
12:48:50.302,21.4576,0.09
12:48:50.303,21.4578,0.08
12:48:50.340,21.4949,0.05
12:48:50.340,21.4951,0.29
12:48:50.340,21.4952,-0.06
12:48:50.340,21.4954,0.18
12:48:50.383,21.5378,0.12
12:48:50.383,21.5379,0.1
12:48:50.383,21.5381,0.03
12:48:50.383,21.5382,0.16
12:48:50.422,21.5772,-0.11
12:48:50.422,21.5774,-0.03
12:48:50.422,21.5776,0.16
12:48:50.459,21.6145,0.15
12:48:50.460,21.6147,0.0
12:48:50.460,21.6148,0.01
12:48:50.460,21.6150,0.1
12:48:50.498,21.6543,0.1
12:48:50.500,21.6544,0.04
12:48:50.500,21.6546,1.0
12:48:50.537,21.6927,-0.07
12:48:50.538,21.6929,0.14
12:48:50.538,21.6931,0.16
12:48:50.581,21.7363,0.13
12:48:50.581,21.7365,0.1
12:48:50.581,21.7367,0.19
12:48:50.581,21.7368,-0.13
12:48:50.625,21.7796,-0.13
12:48:50.625,21.7799,0.12
12:48:50.625,21.7800,0.21
12:48:50.625,21.7801,0.03
12:48:50.668,21.8229,-0.04
12:48:50.668,21.8231,0.06
12:48:50.668,21.8232,0.13
12:48:50.668,21.8234,0.09
12:48:50.710,21.8668,0.43
12:48:50.710,21.8671,-0.11
12:48:50.713,21.8676,0.16
12:48:50.713,21.8678,0.14
12:48:50.757,21.9126,0.11
12:48:50.757,21.9129,0.11
12:48:50.757,21.9130,0.07
12:48:50.757,21.9132,-0.01
12:48:50.800,21.9556,-0.16
12:48:50.800,21.9560,0.07
12:48:50.800,21.9562,0.21
12:48:50.800,21.9563,0.08
12:48:50.846,22.0010,-0.04
12:48:50.846,22.0012,0.05
12:48:50.846,22.0013,0.11
12:48:50.846,22.0015,0.09
12:48:50.890,22.0492,-0.51
12:48:50.890,22.0495,0.1
12:48:50.895,22.0496,0.07
12:48:50.895,22.0498,0.2
12:48:50.940,22.0956,0.1
12:48:50.940,22.0959,0.09
12:48:50.940,22.0961,-0.07
12:48:50.940,22.0963,0.03
12:48:50.981,22.1409,-0.02
12:48:50.981,22.1411,0.07
12:48:50.981,22.1412,0.15
12:48:50.981,22.1413,0.07
12:48:51.023,22.1828,0.01
12:48:51.023,22.1830,0.04
12:48:51.023,22.1832,0.09
12:48:51.023,22.1834,0.08
12:48:51.072,22.2301,0.05
12:48:51.072,22.2303,1.0
12:48:51.072,22.2304,0.08
12:48:51.072,22.2306,0.16
12:48:51.114,22.2731,0.17
12:48:51.114,22.2733,0.1
12:48:51.114,22.2737,0.07
12:48:51.114,22.2740,0.02
12:48:51.162,22.3176,-0.15
12:48:51.162,22.3178,-0.04
12:48:51.162,22.3180,0.2
12:48:51.162,22.3183,0.15
12:48:51.210,22.3653,-0.04
12:48:51.211,22.3655,-0.0
12:48:51.211,22.3657,0.1
12:48:51.211,22.3658,0.1
12:48:51.254,22.4106,0.04
12:48:51.254,22.4108,0.06
12:48:51.254,22.4109,0.0
12:48:51.254,22.4111,0.18
12:48:51.297,22.4534,0.13
12:48:51.297,22.4535,0.11
12:48:51.297,22.4537,0.23
12:48:51.297,22.4538,-0.13
12:48:51.340,22.4985,-0.08
12:48:51.340,22.4987,0.12
12:48:51.340,22.4988,0.18
12:48:51.340,22.4989,0.04
12:48:51.390,22.5451,-0.02
12:48:51.390,22.5453,0.06
12:48:51.390,22.5454,0.11
12:48:51.390,22.5455,0.06
12:48:51.430,22.5898,-0.15
12:48:51.435,22.5900,-0.02
12:48:51.435,22.5901,0.14
12:48:51.435,22.5903,0.14
12:48:51.477,22.6322,0.1
12:48:51.477,22.6325,0.18
12:48:51.478,22.6326,-0.05
12:48:51.478,22.6328,-0.15
12:48:51.522,22.6773,0.05
12:48:51.522,22.6775,0.19
12:48:51.522,22.6777,0.1
12:48:51.522,22.6778,-0.02
12:48:51.563,22.7184,0.04
12:48:51.563,22.7186,0.1
12:48:51.564,22.7187,0.09
12:48:51.600,22.7548,0.05
12:48:51.600,22.7550,0.9
12:48:51.600,22.7551,0.09
12:48:51.600,22.7553,0.13
12:48:51.638,22.7932,0.17
12:48:51.639,22.7933,0.11
12:48:51.639,22.7935,0.1
12:48:51.680,22.8357,-0.1
12:48:51.680,22.8359,-0.08
12:48:51.681,22.8361,0.13
12:48:51.681,22.8362,0.18
12:48:51.719,22.8746,0.04
12:48:51.719,22.8747,-0.01
12:48:51.720,22.8749,0.05
12:48:51.760,22.9149,0.1
12:48:51.760,22.9151,0.06
12:48:51.760,22.9152,-0.16
12:48:51.760,22.9154,0.01
12:48:51.804,22.9602,0.21
12:48:51.806,22.9604,0.15
12:48:51.806,22.9605,0.04
12:48:51.806,22.9606,0.31
12:48:51.845,23.0004,-0.29
12:48:51.845,23.0006,-0.07
12:48:51.846,23.0008,0.18
12:48:51.846,23.0010,0.22
12:48:51.885,23.0404,0.01
12:48:51.885,23.0406,-0.03
12:48:51.886,23.0408,0.08
12:48:51.926,23.0811,0.12
12:48:51.926,23.0812,0.03
12:48:51.926,23.0813,0.03
12:48:51.926,23.0815,0.0
12:48:51.964,23.1188,0.22
12:48:51.964,23.1189,0.11
12:48:51.964,23.1191,0.35
12:48:52.001,23.1555,-0.28
12:48:52.001,23.1557,-0.09
12:48:52.001,23.1559,0.19
12:48:52.038,23.1936,0.23
12:48:52.038,23.1938,-0.01
12:48:52.038,23.1940,-0.01
12:48:52.038,23.1941,0.12
12:48:52.080,23.2353,0.1
12:48:52.080,23.2356,1.0
12:48:52.080,23.2357,0.26
12:48:52.126,23.2825,0.1
12:48:52.126,23.2827,0.22
12:48:52.126,23.2828,0.13
12:48:52.126,23.2829,0.08
12:48:52.126,23.2831,0.12
12:48:52.170,23.3248,-0.2
12:48:52.170,23.3250,-0.04
12:48:52.170,23.3252,0.16
12:48:52.205,23.3637,0.21
12:48:52.205,23.3639,0.0
12:48:52.205,23.3641,-0.02
12:48:52.205,23.3642,0.1
12:48:52.252,23.4076,0.19
12:48:52.252,23.4078,0.09
12:48:52.252,23.4080,0.21
12:48:52.252,23.4081,0.13
12:48:52.299,23.4543,0.11
12:48:52.300,23.4545,0.11
12:48:52.300,23.4546,-0.24
12:48:52.300,23.4548,-0.11
12:48:52.340,23.4965,0.11
12:48:52.340,23.4968,0.18
12:48:52.340,23.4970,0.09
12:48:52.340,23.4971,0.01
12:48:52.390,23.5448,0.07
12:48:52.390,23.5450,0.1
12:48:52.390,23.5451,0.07
12:48:52.390,23.5453,0.04
12:48:52.430,23.5884,0.05
12:48:52.430,23.5886,0.09
12:48:52.430,23.5887,0.07
12:48:52.430,23.5889,0.05
12:48:52.472,23.6297,0.06
12:48:52.472,23.6299,0.07
12:48:52.472,23.6301,0.06
12:48:52.516,23.6712,0.05
12:48:52.516,23.6714,0.06
12:48:52.516,23.6716,0.07
12:48:52.516,23.6717,0.07
12:48:52.557,23.7135,0.06
12:48:52.557,23.7137,0.06
12:48:52.557,23.7138,0.07
12:48:52.557,23.7139,0.08
12:48:52.604,23.7589,0.06
12:48:52.604,23.7592,0.05
12:48:52.604,23.7595,0.06
12:48:52.604,23.7596,0.06
12:48:52.642,23.7998,0.06
12:48:52.642,23.8000,0.05
12:48:52.645,23.8002,0.06
12:48:52.645,23.8003,0.0
12:48:52.684,23.8426,7.0
12:48:52.684,23.8428,0.05
12:48:52.684,23.8429,0.06
12:48:52.684,23.8433,0.07
12:48:52.684,23.8434,0.08
12:48:52.733,23.8898,0.03
12:48:52.733,23.8900,0.04
12:48:52.733,23.8901,0.05
12:48:52.733,23.8902,0.06
12:48:52.781,23.9368,0.05
12:48:52.781,23.9370,0.06
12:48:52.781,23.9371,0.05
12:48:52.781,23.9373,0.07
12:48:52.823,23.9793,0.06
12:48:52.823,23.9795,0.06
12:48:52.823,23.9796,0.06
12:48:52.823,23.9797,0.05
12:48:52.866,24.0225,0.07
12:48:52.866,24.0227,0.07
12:48:52.866,24.0229,0.05
12:48:52.914,24.0690,0.06
12:48:52.914,24.0693,0.06
12:48:52.914,24.0695,0.06
12:48:52.914,24.0696,0.06
12:48:52.914,24.0697,0.07
12:48:52.963,24.1193,0.05
12:48:52.963,24.1196,0.06
12:48:52.963,24.1198,0.05
12:48:52.963,24.1199,0.06
12:48:53.006,24.1622,0.01
12:48:53.006,24.1624,0.05
12:48:53.006,24.1626,0.06
12:48:53.006,24.1627,0.06
12:48:53.049,24.2037,0.07
12:48:53.049,24.2039,0.15
12:48:53.049,24.2040,0.08
12:48:53.049,24.2041,0.07
12:48:53.087,24.2421,0.0
12:48:53.087,24.2422,0.08
12:48:53.087,24.2423,0.07
12:48:53.123,24.2786,0.08
12:48:53.124,24.2787,0.03
12:48:53.124,24.2789,0.03
12:48:53.160,24.3149,0.07
12:48:53.160,24.3151,0.07
12:48:53.160,24.3152,0.06
12:48:53.198,24.3534,0.07
12:48:53.198,24.3536,0.07
12:48:53.198,24.3537,0.06
12:48:53.198,24.3539,0.06
12:48:53.235,24.3910,0.04
12:48:53.236,24.3912,0.05
12:48:53.236,24.3913,0.07
12:48:53.270,24.4252,0.05
12:48:53.270,24.4254,0.05
12:48:53.270,24.4255,0.06
12:48:53.307,24.4617,0.06
12:48:53.307,24.4619,0.06
12:48:53.307,24.4621,0.06
12:48:53.307,24.4621,0.0
12:48:53.345,24.5004,6.0
12:48:53.345,24.5006,0.08
12:48:53.345,24.5007,0.1
12:48:53.345,24.5008,0.07
12:48:53.382,24.5377,0.03
12:48:53.383,24.5378,0.04
12:48:53.383,24.5380,0.08
12:48:53.422,24.5776,0.07
12:48:53.422,24.5778,0.05
12:48:53.423,24.5781,0.05
12:48:53.423,24.5784,0.07
12:48:53.461,24.6166,0.07
12:48:53.461,24.6168,0.06
12:48:53.461,24.6169,0.06
12:48:53.501,24.6565,0.05
12:48:53.501,24.6568,0.06
12:48:53.502,24.6570,0.06
12:48:53.502,24.6571,0.06
12:48:53.537,24.6920,0.07
12:48:53.537,24.6922,0.07
12:48:53.537,24.6924,0.06
12:48:53.575,24.7297,0.06
12:48:53.575,24.7299,0.06
12:48:53.575,24.7301,0.06
12:48:53.611,24.7675,0.06
12:48:53.611,24.7678,0.05
12:48:53.611,24.7679,0.05
12:48:53.653,24.8085,0.06
12:48:53.653,24.8088,0.05
12:48:53.653,24.8090,0.06
12:48:53.653,24.8092,0.07
12:48:53.690,24.8473,0.06
12:48:53.690,24.8475,0.06
12:48:53.690,24.8477,0.05
12:48:53.690,24.8478,0.06
12:48:53.733,24.8876,0.04
12:48:53.733,24.8878,0.06
12:48:53.733,24.8879,0.06
12:48:53.770,24.9251,0.06
12:48:53.770,24.9253,0.05
12:48:53.770,24.9254,0.06
12:48:53.770,24.9255,0.06
12:48:53.814,24.9689,0.07
12:48:53.814,24.9692,0.07
12:48:53.814,24.9694,0.06
12:48:53.860,25.0155,0.06
12:48:53.861,25.0157,0.05
12:48:53.861,25.0159,0.05
12:48:53.861,25.0161,0.06
12:48:53.861,25.0163,0.07
12:48:53.902,25.0604,0.06
12:48:53.902,25.0606,0.05
12:48:53.902,25.0607,0.06
12:48:53.902,25.0608,0.06
12:48:53.945,25.1005,0.06
12:48:53.945,25.1007,0.05
12:48:53.945,25.1008,0.05
12:48:53.987,25.1437,0.07
12:48:53.987,25.1439,0.05
12:48:53.987,25.1440,0.06
12:48:53.987,25.1441,0.05
12:48:54.035,25.1913,0.06
12:48:54.035,25.1914,0.06
12:48:54.035,25.1916,0.06
12:48:54.037,25.1917,0.05
12:48:54.078,25.2328,0.05
12:48:54.078,25.2330,0.09
12:48:54.078,25.2332,0.06
12:48:54.079,25.2333,0.07
12:48:54.118,25.2740,0.04
12:48:54.118,25.2742,0.06
12:48:54.118,25.2744,0.06
12:48:54.120,25.2746,0.06
12:48:54.163,25.3188,0.07
12:48:54.164,25.3191,0.07
12:48:54.164,25.3193,0.07
12:48:54.164,25.3194,0.06
12:48:54.213,25.3682,0.06
12:48:54.213,25.3684,0.05
12:48:54.213,25.3685,0.04
12:48:54.213,25.3686,0.06
12:48:54.261,25.4176,0.07
12:48:54.261,25.4178,0.05
12:48:54.261,25.4179,0.06
12:48:54.261,25.4180,0.06
12:48:54.310,25.4650,0.07
12:48:54.310,25.4652,0.05
12:48:54.310,25.4653,0.04
12:48:54.310,25.4655,0.05
12:48:54.310,25.4656,0.07
12:48:54.357,25.5117,0.05
12:48:54.357,25.5119,0.06
12:48:54.357,25.5121,0.06
12:48:54.357,25.5122,0.06
12:48:54.405,25.5599,0.05
12:48:54.405,25.5601,0.07
12:48:54.405,25.5602,0.06
12:48:54.405,25.5603,0.06
12:48:54.456,25.6118,0.02
12:48:54.457,25.6120,0.11
12:48:54.457,25.6122,0.05
12:48:54.457,25.6123,0.06
12:48:54.507,25.6624,0.06
12:48:54.507,25.6625,0.05
12:48:54.507,25.6627,0.05
12:48:54.507,25.6628,0.05
12:48:54.508,25.6629,0.06
12:48:54.554,25.7092,0.05
12:48:54.554,25.7094,0.05
12:48:54.554,25.7096,0.07
12:48:54.554,25.7098,0.04
12:48:54.561,25.7164,0.06
12:48:54.612,25.7679,0.06
12:48:54.613,25.7680,0.06
12:48:54.613,25.7682,0.04
12:48:54.613,25.7683,0.06
12:48:54.613,25.7685,0.06
12:48:54.661,25.8167,0.05
12:48:54.661,25.8169,0.06
12:48:54.662,25.8171,0.06
12:48:54.662,25.8172,0.05
12:48:54.710,25.8653,0.05
12:48:54.710,25.8656,0.1
12:48:54.711,25.8658,0.03
12:48:54.711,25.8659,0.07
12:48:54.760,25.9150,0.06
12:48:54.760,25.9152,0.05
12:48:54.760,25.9153,0.05
12:48:54.760,25.9155,0.06
12:48:54.809,25.9643,0.05
12:48:54.809,25.9645,0.06
12:48:54.809,25.9647,0.05
12:48:54.810,25.9649,0.06
12:48:54.810,25.9651,0.05
12:48:54.855,26.0104,0.06
12:48:54.855,26.0107,0.05
12:48:54.855,26.0108,0.06
12:48:54.855,26.0110,0.05
12:48:54.899,26.0548,0.05
12:48:54.900,26.0550,0.06
12:48:54.900,26.0551,0.06
12:48:54.900,26.0552,0.06
12:48:54.943,26.0987,0.05
12:48:54.944,26.0989,0.06
12:48:54.944,26.0991,0.06
12:48:54.944,26.0992,0.06
